id,Class
0,W
1,J
2,D
3,O
4,Q
5,H
6,R
7,T
8,U
9,K
10,L
11,G
12,X
13,Y
14,I
15,N
16,Y
17,M
18,E
19,M
20,A
21,R
22,H
23,I
24,A
25,Z
26,S
27,C
28,R
29,D
30,L
31,V
32,P
33,G
34,H
35,U
36,Z
37,S
38,I
39,O
40,C
41,X
42,N
43,I
44,O
45,R
46,L
47,V
48,G
49,V
50,N
51,S
52,Z
53,B
54,I
55,S
56,D
57,O
58,E
59,P
60,U
61,X
62,A
63,Q
64,O
65,G
66,L
67,K
68,X
69,J
70,E
71,W
72,P
73,G
74,R
75,P
76,X
77,Q
78,I
79,J
80,B
81,D
82,R
83,Z
84,D
85,B
86,F
87,C
88,N
89,G
90,R
91,W
92,B
93,I
94,L
95,C
96,E
97,X
98,U
99,L
100,M
101,R
102,F
103,X
104,G
105,T
106,I
107,E
108,T
109,I
110,T
111,V
112,D
113,O
114,N
115,T
116,D
117,O
118,R
119,W
120,Q
121,W
122,N
123,C
124,X
125,B
126,E
127,K
128,L
129,V
130,M
131,V
132,T
133,C
134,L
135,G
136,Z
137,S
138,V
139,C
140,X
141,V
142,M
143,T
144,C
145,B
146,M
147,N
148,M
149,N
150,L
151,I
152,Z
153,G
154,E
155,O
156,Q
157,V
158,O
159,Q
160,P
161,N
162,Q
163,P
164,W
165,B
166,X
167,O
168,U
169,L
170,Y
171,I
172,H
173,H
174,I
175,V
176,S
177,B
178,P
179,U
180,V
181,V
182,V
183,A
184,Z
185,D
186,J
187,M
188,O
189,D
190,X
191,Y
192,W
193,D
194,X
195,T
196,Y
197,Y
198,Q
199,V
200,P
201,F
202,N
203,A
204,Q
205,X
206,Z
207,P
208,S
209,F
210,N
211,B
212,S
213,K
214,C
215,C
216,C
217,J
218,I
219,C
220,A
221,C
222,P
223,J
224,L
225,K
226,X
227,G
228,U
229,F
230,P
231,V
232,J
233,I
234,N
235,Q
236,U
237,V
238,G
239,E
240,S
241,F
242,X
243,T
244,T
245,T
246,U
247,A
248,U
249,T
250,R
251,Q
252,J
253,Z
254,X
255,B
256,P
257,S
258,I
259,B
260,U
261,H
262,W
263,N
264,C
265,D
266,U
267,Y
268,Y
269,H
270,X
271,T
272,N
273,N
274,K
275,S
276,M
277,E
278,K
279,D
280,N
281,B
282,J
283,I
284,Y
285,Q
286,C
287,D
288,L
289,A
290,V
291,F
292,X
293,P
294,L
295,R
296,R
297,X
298,G
299,Q
300,Z
301,K
302,Z
303,J
304,U
305,R
306,Q
307,D
308,N
309,F
310,M
311,V
312,S
313,C
314,U
315,M
316,A
317,N
318,W
319,S
320,H
321,V
322,M
323,R
324,G
325,O
326,J
327,F
328,D
329,X
330,T
331,M
332,Q
333,K
334,N
335,E
336,F
337,U
338,H
339,P
340,L
341,F
342,M
343,K
344,W
345,R
346,J
347,G
348,Z
349,O
350,H
351,W
352,C
353,T
354,M
355,K
356,X
357,P
358,P
359,Z
360,J
361,P
362,G
363,H
364,M
365,K
366,Y
367,T
368,N
369,X
370,Y
371,B
372,V
373,B
374,Z
375,H
376,L
377,P
378,M
379,X
380,D
381,I
382,V
383,U
384,O
385,H
386,Y
387,M
388,X
389,D
390,F
391,V
392,J
393,Y
394,P
395,P
396,H
397,Q
398,V
399,T
400,K
401,A
402,F
403,L
404,G
405,X
406,M
407,V
408,W
409,Q
410,O
411,R
412,V
413,N
414,I
415,N
416,M
417,H
418,B
419,U
420,K
421,Q
422,F
423,P
424,B
425,O
426,S
427,J
428,Y
429,V
430,Z
431,T
432,Q
433,F
434,Y
435,F
436,I
437,L
438,M
439,K
440,P
441,Q
442,Y
443,V
444,K
445,V
446,B
447,E
448,D
449,M
450,Y
451,K
452,K
453,L
454,Q
455,G
456,L
457,Q
458,M
459,F
460,G
461,J
462,D
463,K
464,V
465,D
466,O
467,W
468,O
469,R
470,O
471,I
472,C
473,J
474,A
475,O
476,D
477,W
478,H
479,Y
480,U
481,F
482,S
483,G
484,B
485,B
486,M
487,O
488,L
489,M
490,T
491,X
492,B
493,K
494,B
495,R
496,S
497,C
498,U
499,X
500,O
501,N
502,E
503,Z
504,V
505,Q
506,V
507,D
508,L
509,J
510,I
511,W
512,Q
513,U
514,O
515,I
516,L
517,X
518,T
519,L
520,A
521,K
522,N
523,E
524,E
525,B
526,P
527,A
528,B
529,W
530,H
531,V
532,B
533,Y
534,W
535,E
536,G
537,H
538,Z
539,V
540,P
541,A
542,R
543,B
544,W
545,T
546,Q
547,Q
548,O
549,J
550,N
551,S
552,D
553,R
554,P
555,U
556,L
557,Y
558,H
559,F
560,N
561,X
562,R
563,B
564,L
565,V
566,D
567,J
568,V
569,A
570,Q
571,U
572,Y
573,L
574,V
575,R
576,S
577,Q
578,A
579,E
580,P
581,W
582,S
583,G
584,U
585,Q
586,W
587,L
588,R
589,C
590,D
591,M
592,U
593,N
594,Q
595,D
596,J
597,C
598,O
599,B
600,Z
601,T
602,O
603,I
604,U
605,I
606,V
607,U
608,J
609,D
610,Y
611,Y
612,R
613,X
614,L
615,Y
616,W
617,O
618,H
619,X
620,T
621,R
622,W
623,M
624,P
625,B
626,T
627,O
628,R
629,R
630,G
631,I
632,F
633,E
634,E
635,R
636,N
637,K
638,R
639,N
640,B
641,M
642,L
643,W
644,O
645,V
646,S
647,F
648,J
649,S
650,X
651,X
652,M
653,W
654,E
655,T
656,R
657,K
658,T
659,U
660,D
661,N
662,V
663,D
664,Z
665,E
666,X
667,Y
668,L
669,G
670,R
671,A
672,Y
673,M
674,T
675,A
676,R
677,B
678,M
679,D
680,F
681,M
682,C
683,T
684,J
685,V
686,X
687,Z
688,S
689,Z
690,E
691,H
692,E
693,W
694,S
695,W
696,R
697,N
698,C
699,Q
700,W
701,Q
702,B
703,I
704,D
705,Q
706,A
707,I
708,Z
709,C
710,V
711,D
712,K
713,H
714,G
715,W
716,F
717,M
718,U
719,S
720,J
721,F
722,T
723,Q
724,B
725,R
726,U
727,W
728,V
729,A
730,F
731,U
732,E
733,F
734,D
735,Q
736,S
737,M
738,I
739,U
740,P
741,H
742,U
743,G
744,W
745,O
746,O
747,N
748,W
749,W
750,P
751,P
752,K
753,B
754,C
755,F
756,J
757,V
758,O
759,N
760,W
761,Q
762,O
763,R
764,R
765,F
766,D
767,A
768,A
769,D
770,V
771,K
772,O
773,D
774,I
775,O
776,P
777,E
778,O
779,B
780,M
781,G
782,C
783,R
784,N
785,O
786,V
787,P
788,T
789,Y
790,P
791,F
792,G
793,Q
794,O
795,N
796,R
797,N
798,I
799,P
800,W
801,L
802,S
803,D
804,Y
805,Z
806,M
807,E
808,R
809,R
810,H
811,V
812,Y
813,D
814,C
815,H
816,L
817,S
818,Q
819,F
820,S
821,Y
822,K
823,G
824,L
825,J
826,R
827,P
828,N
829,R
830,A
831,M
832,Z
833,R
834,D
835,A
836,X
837,I
838,W
839,Z
840,O
841,J
842,V
843,N
844,A
845,R
846,H
847,I
848,V
849,Q
850,D
851,P
852,W
853,S
854,L
855,A
856,W
857,L
858,F
859,D
860,O
861,R
862,L
863,U
864,P
865,U
866,E
867,Z
868,L
869,O
870,S
871,V
872,T
873,W
874,L
875,Y
876,P
877,C
878,N
879,Y
880,K
881,I
882,A
883,F
884,V
885,F
886,H
887,X
888,A
889,R
890,P
891,R
892,C
893,G
894,X
895,Q
896,V
897,I
898,Z
899,O
900,R
901,C
902,W
903,O
904,Z
905,A
906,F
907,V
908,L
909,N
910,N
911,T
912,X
913,X
914,W
915,N
916,C
917,K
918,M
919,F
920,J
921,W
922,G
923,P
924,M
925,B
926,R
927,D
928,Z
929,X
930,T
931,G
932,R
933,J
934,R
935,C
936,G
937,E
938,B
939,X
940,L
941,D
942,B
943,L
944,Z
945,I
946,I
947,B
948,J
949,E
950,M
951,J
952,I
953,V
954,N
955,Y
956,B
957,U
958,Y
959,J
960,F
961,A
962,P
963,N
964,O
965,V
966,G
967,G
968,N
969,P
970,W
971,W
972,K
973,C
974,Y
975,N
976,J
977,S
978,C
979,H
980,C
981,L
982,R
983,T
984,S
985,H
986,V
987,S
988,H
989,D
990,C
991,M
992,S
993,F
994,R
995,W
996,I
997,X
998,N
999,W
1000,S
1001,P
1002,H
1003,M
1004,F
1005,Q
1006,X
1007,S
1008,V
1009,D
1010,U
1011,S
1012,Z
1013,D
1014,V
1015,Q
1016,Y
1017,D
1018,W
1019,D
1020,D
1021,Q
1022,H
1023,P
1024,T
1025,B
1026,D
1027,G
1028,E
1029,Z
1030,O
1031,X
1032,W
1033,M
1034,Y
1035,N
1036,P
1037,W
1038,R
1039,N
1040,Q
1041,O
1042,A
1043,U
1044,N
1045,E
1046,R
1047,L
1048,N
1049,D
1050,D
1051,L
1052,E
1053,C
1054,W
1055,U
1056,N
1057,C
1058,C
1059,R
1060,C
1061,M
1062,K
1063,C
1064,T
1065,Q
1066,A
1067,R
1068,M
1069,A
1070,D
1071,Q
1072,O
1073,C
1074,M
1075,B
1076,I
1077,N
1078,F
1079,N
1080,O
1081,C
1082,X
1083,X
1084,T
1085,F
1086,G
1087,F
1088,C
1089,X
1090,T
1091,D
1092,E
1093,W
1094,A
1095,K
1096,N
1097,C
1098,Q
1099,S
1100,Q
1101,D
1102,Y
1103,Q
1104,I
1105,U
1106,V
1107,Y
1108,A
1109,B
1110,D
1111,H
1112,N
1113,W
1114,C
1115,S
1116,F
1117,P
1118,F
1119,Y
1120,W
1121,Z
1122,E
1123,P
1124,O
1125,O
1126,L
1127,R
1128,A
1129,L
1130,R
1131,J
1132,M
1133,S
1134,Y
1135,D
1136,X
1137,B
1138,Q
1139,Z
1140,L
1141,T
1142,B
1143,A
1144,W
1145,C
1146,S
1147,C
1148,V
1149,Y
1150,N
1151,D
1152,Z
1153,Y
1154,O
1155,C
1156,H
1157,Z
1158,S
1159,T
1160,H
1161,V
1162,A
1163,J
1164,F
1165,P
1166,W
1167,U
1168,B
1169,V
1170,Q
1171,R
1172,F
1173,N
1174,L
1175,D
1176,A
1177,S
1178,N
1179,J
1180,Y
1181,X
1182,G
1183,W
1184,P
1185,H
1186,A
1187,O
1188,L
1189,O
1190,V
1191,M
1192,F
1193,Q
1194,Q
1195,C
1196,G
1197,E
1198,M
1199,D
1200,M
1201,K
1202,H
1203,L
1204,X
1205,G
1206,U
1207,Z
1208,L
1209,M
1210,D
1211,S
1212,X
1213,F
1214,S
1215,H
1216,Z
1217,P
1218,T
1219,A
1220,C
1221,S
1222,V
1223,T
1224,U
1225,C
1226,I
1227,I
1228,Y
1229,J
1230,P
1231,W
1232,W
1233,B
1234,P
1235,W
1236,K
1237,X
1238,R
1239,X
1240,Q
1241,G
1242,Y
1243,J
1244,A
1245,M
1246,E
1247,L
1248,R
1249,K
1250,V
1251,M
1252,I
1253,W
1254,S
1255,L
1256,Y
1257,O
1258,B
1259,U
1260,O
1261,O
1262,Y
1263,O
1264,X
1265,G
1266,W
1267,I
1268,L
1269,K
1270,P
1271,I
1272,A
1273,T
1274,I
1275,P
1276,Q
1277,L
1278,V
1279,N
1280,M
1281,G
1282,M
1283,W
1284,G
1285,K
1286,N
1287,K
1288,L
1289,I
1290,R
1291,P
1292,N
1293,X
1294,H
1295,Y
1296,J
1297,X
1298,W
1299,K
1300,K
1301,R
1302,D
1303,N
1304,B
1305,V
1306,K
1307,P
1308,B
1309,T
1310,B
1311,Q
1312,Q
1313,S
1314,T
1315,F
1316,Y
1317,W
1318,G
1319,M
1320,W
1321,R
1322,N
1323,K
1324,B
1325,O
1326,K
1327,G
1328,X
1329,C
1330,G
1331,O
1332,I
1333,P
1334,O
1335,Y
1336,F
1337,G
1338,K
1339,Q
1340,R
1341,H
1342,B
1343,V
1344,A
1345,I
1346,W
1347,N
1348,M
1349,O
1350,X
1351,O
1352,P
1353,W
1354,G
1355,Z
1356,O
1357,S
1358,C
1359,M
1360,G
1361,U
1362,Q
1363,G
1364,T
1365,E
1366,R
1367,W
1368,Y
1369,V
1370,X
1371,Z
1372,U
1373,B
1374,C
1375,G
1376,G
1377,R
1378,Y
1379,S
1380,X
1381,Z
1382,P
1383,M
1384,B
1385,H
1386,Z
1387,E
1388,W
1389,M
1390,C
1391,D
1392,C
1393,D
1394,R
1395,Z
1396,E
1397,H
1398,W
1399,T
1400,R
1401,J
1402,W
1403,U
1404,S
1405,R
1406,N
1407,A
1408,K
1409,G
1410,D
1411,W
1412,J
1413,N
1414,F
1415,C
1416,F
1417,E
1418,E
1419,M
1420,U
1421,C
1422,O
1423,U
1424,E
1425,C
1426,B
1427,G
1428,K
1429,W
1430,S
1431,W
1432,Y
1433,S
1434,U
1435,K
1436,V
1437,Y
1438,M
1439,G
1440,U
1441,Q
1442,O
1443,X
1444,X
1445,P
1446,X
1447,I
1448,A
1449,W
1450,U
1451,V
1452,K
1453,T
1454,D
1455,D
1456,D
1457,U
1458,I
1459,N
1460,V
1461,V
1462,S
1463,Q
1464,C
1465,G
1466,Z
1467,Y
1468,K
1469,Y
1470,Q
1471,R
1472,O
1473,K
1474,H
1475,V
1476,P
1477,R
1478,P
1479,S
1480,E
1481,Q
1482,Q
1483,X
1484,U
1485,N
1486,T
1487,S
1488,T
1489,G
1490,G
1491,I
1492,C
1493,D
1494,J
1495,L
1496,R
1497,V
1498,W
1499,T
1500,U
1501,M
1502,J
1503,O
1504,Y
1505,B
1506,T
1507,Q
1508,O
1509,E
1510,I
1511,Z
1512,O
1513,V
1514,R
1515,M
1516,N
1517,S
1518,S
1519,D
1520,S
1521,M
1522,J
1523,D
1524,T
1525,R
1526,E
1527,O
1528,R
1529,G
1530,F
1531,A
1532,J
1533,D
1534,T
1535,W
1536,D
1537,E
1538,V
1539,H
1540,V
1541,W
1542,D
1543,C
1544,D
1545,B
1546,U
1547,G
1548,F
1549,K
1550,W
1551,B
1552,L
1553,P
1554,J
1555,L
1556,K
1557,K
1558,S
1559,L
1560,W
1561,Q
1562,C
1563,Z
1564,K
1565,K
1566,W
1567,B
1568,J
1569,H
1570,S
1571,V
1572,N
1573,B
1574,A
1575,H
1576,X
1577,N
1578,V
1579,Z
1580,S
1581,V
1582,Y
1583,C
1584,L
1585,E
1586,X
1587,F
1588,R
1589,F
1590,M
1591,K
1592,J
1593,T
1594,E
1595,W
1596,H
1597,E
1598,W
1599,D
1600,U
1601,Z
1602,O
1603,F
1604,T
1605,I
1606,A
1607,J
1608,U
1609,R
1610,T
1611,J
1612,U
1613,C
1614,T
1615,V
1616,Q
1617,Q
1618,Q
1619,K
1620,C
1621,A
1622,Z
1623,U
1624,D
1625,M
1626,Y
1627,Z
1628,Y
1629,B
1630,D
1631,R
1632,R
1633,U
1634,N
1635,K
1636,N
1637,S
1638,E
1639,F
1640,T
1641,D
1642,K
1643,E
1644,I
1645,L
1646,A
1647,W
1648,A
1649,Q
1650,D
1651,C
1652,G
1653,V
1654,T
1655,A
1656,O
1657,O
1658,D
1659,M
1660,U
1661,R
1662,W
1663,J
1664,F
1665,G
1666,T
1667,L
1668,Y
1669,Q
1670,L
1671,R
1672,T
1673,B
1674,R
1675,E
1676,N
1677,B
1678,B
1679,V
1680,O
1681,S
1682,D
1683,F
1684,S
1685,M
1686,I
1687,L
1688,C
1689,V
1690,A
1691,Q
1692,D
1693,U
1694,J
1695,H
1696,O
1697,Y
1698,K
1699,G
1700,C
1701,N
1702,X
1703,P
1704,T
1705,W
1706,N
1707,B
1708,A
1709,V
1710,B
1711,J
1712,B
1713,X
1714,F
1715,H
1716,C
1717,Y
1718,E
1719,K
1720,K
1721,B
1722,W
1723,R
1724,P
1725,Z
1726,W
1727,T
1728,Z
1729,R
1730,P
1731,X
1732,C
1733,U
1734,N
1735,X
1736,S
1737,F
1738,U
1739,P
1740,X
1741,Q
1742,K
1743,B
1744,D
1745,V
1746,D
1747,T
1748,Z
1749,C
1750,V
1751,G
1752,M
1753,B
1754,N
1755,W
1756,N
1757,A
1758,R
1759,U
1760,R
1761,E
1762,M
1763,I
1764,W
1765,W
1766,J
1767,L
1768,O
1769,I
1770,K
1771,M
1772,N
1773,A
1774,W
1775,R
1776,F
1777,Y
1778,G
1779,C
1780,Y
1781,Y
1782,W
1783,J
1784,F
1785,Q
1786,Y
1787,K
1788,R
1789,R
1790,B
1791,O
1792,V
1793,U
1794,F
1795,N
1796,X
1797,E
1798,L
1799,Y
1800,H
1801,O
1802,F
1803,N
1804,S
1805,J
1806,L
1807,J
1808,A
1809,Q
1810,F
1811,W
1812,N
1813,J
1814,S
1815,D
1816,Y
1817,O
1818,Q
1819,Y
1820,E
1821,E
1822,G
1823,D
1824,R
1825,V
1826,X
1827,M
1828,W
1829,Z
1830,T
1831,O
1832,V
1833,E
1834,B
1835,J
1836,J
1837,S
1838,T
1839,F
1840,E
1841,U
1842,W
1843,N
1844,I
1845,H
1846,Z
1847,X
1848,B
1849,S
1850,S
1851,P
1852,W
1853,O
1854,P
1855,R
1856,J
1857,U
1858,T
1859,E
1860,Z
1861,V
1862,J
1863,W
1864,D
1865,M
1866,B
1867,V
1868,H
1869,L
1870,X
1871,K
1872,M
1873,I
1874,T
1875,N
1876,A
1877,Q
1878,D
1879,A
1880,B
1881,U
1882,M
1883,R
1884,S
1885,P
1886,B
1887,F
1888,T
1889,K
1890,W
1891,P
1892,I
1893,V
1894,E
1895,W
1896,F
1897,U
1898,X
1899,Q
1900,I
1901,P
1902,R
1903,I
1904,P
1905,G
1906,Q
1907,K
1908,C
1909,I
1910,B
1911,W
1912,K
1913,R
1914,K
1915,C
1916,B
1917,U
1918,P
1919,Y
1920,A
1921,Z
1922,K
1923,U
1924,Z
1925,J
1926,D
1927,K
1928,T
1929,L
1930,N
1931,M
1932,H
1933,L
1934,W
1935,W
1936,G
1937,R
1938,W
1939,Q
1940,D
1941,C
1942,F
1943,V
1944,O
1945,C
1946,F
1947,C
1948,V
1949,U
1950,V
1951,Y
1952,X
1953,F
1954,N
1955,R
1956,B
1957,H
1958,V
1959,I
1960,J
1961,Q
1962,W
1963,E
1964,Z
1965,B
1966,G
1967,W
1968,D
1969,P
1970,Z
1971,R
1972,T
1973,M
1974,E
1975,F
1976,Y
1977,Y
1978,H
1979,W
1980,G
1981,I
1982,G
1983,D
1984,G
1985,P
1986,I
1987,G
1988,P
1989,Z
1990,R
1991,N
1992,J
1993,U
1994,U
1995,J
1996,H
1997,S
1998,D
1999,X
2000,Y
2001,C
2002,A
2003,B
2004,M
2005,V
2006,D
2007,K
2008,B
2009,Y
2010,A
2011,S
2012,E
2013,C
2014,D
2015,E
2016,M
2017,S
2018,Z
2019,O
2020,S
2021,X
2022,W
2023,V
2024,Y
2025,C
2026,E
2027,W
2028,A
2029,M
2030,O
2031,Q
2032,L
2033,F
2034,P
2035,R
2036,S
2037,F
2038,O
2039,U
2040,J
2041,X
2042,V
2043,U
2044,J
2045,T
2046,S
2047,R
2048,W
2049,D
2050,Q
2051,N
2052,L
2053,M
2054,L
2055,C
2056,B
2057,Y
2058,Z
2059,J
2060,A
2061,Q
2062,B
2063,Q
2064,G
2065,A
2066,J
2067,S
2068,T
2069,U
2070,A
2071,R
2072,K
2073,R
2074,B
2075,K
2076,J
2077,Y
2078,I
2079,W
2080,O
2081,J
2082,K
2083,D
2084,X
2085,D
2086,K
2087,V
2088,Q
2089,P
2090,A
2091,Q
2092,C
2093,I
2094,U
2095,O
2096,D
2097,N
2098,Y
2099,Z
2100,L
2101,V
2102,A
2103,N
2104,G
2105,A
2106,D
2107,M
2108,M
2109,J
2110,H
2111,X
2112,U
2113,Y
2114,M
2115,L
2116,E
2117,G
2118,U
2119,E
2120,Q
2121,I
2122,F
2123,K
2124,D
2125,R
2126,O
2127,A
2128,H
2129,V
2130,B
2131,O
2132,P
2133,Y
2134,E
2135,P
2136,T
2137,T
2138,M
2139,D
2140,C
2141,S
2142,N
2143,X
2144,U
2145,F
2146,A
2147,J
2148,J
2149,I
2150,Y
2151,N
2152,B
2153,M
2154,M
2155,R
2156,W
2157,Y
2158,C
2159,P
2160,X
2161,Y
2162,G
2163,W
2164,U
2165,V
2166,S
2167,H
2168,H
2169,Q
2170,K
2171,S
2172,M
2173,R
2174,S
2175,Z
2176,T
2177,L
2178,C
2179,Y
2180,N
2181,T
2182,Y
2183,J
2184,U
2185,I
2186,E
2187,H
2188,F
2189,F
2190,F
2191,L
2192,D
2193,Y
2194,G
2195,L
2196,Q
2197,J
2198,L
2199,A
2200,G
2201,N
2202,K
2203,U
2204,Z
2205,W
2206,Y
2207,F
2208,V
2209,L
2210,X
2211,D
2212,B
2213,Y
2214,S
2215,N
2216,W
2217,F
2218,U
2219,C
2220,Z
2221,T
2222,Q
2223,P
2224,L
2225,W
2226,R
2227,T
2228,S
2229,O
2230,T
2231,B
2232,D
2233,F
2234,U
2235,O
2236,Y
2237,Z
2238,N
2239,T
2240,I
2241,A
2242,O
2243,X
2244,R
2245,I
2246,Z
2247,V
2248,E
2249,I
2250,Q
2251,G
2252,A
2253,R
2254,E
2255,V
2256,G
2257,T
2258,D
2259,H
2260,P
2261,G
2262,G
2263,W
2264,K
2265,M
2266,A
2267,G
2268,S
2269,T
2270,S
2271,R
2272,J
2273,T
2274,G
2275,I
2276,Q
2277,I
2278,U
2279,E
2280,S
2281,E
2282,C
2283,P
2284,E
2285,E
2286,P
2287,M
2288,I
2289,R
2290,H
2291,N
2292,W
2293,L
2294,J
2295,S
2296,M
2297,C
2298,L
2299,D
2300,F
2301,U
2302,T
2303,D
2304,F
2305,E
2306,B
2307,H
2308,M
2309,K
2310,D
2311,K
2312,L
2313,W
2314,D
2315,V
2316,D
2317,A
2318,Q
2319,R
2320,L
2321,S
2322,V
2323,Z
2324,C
2325,A
2326,R
2327,B
2328,V
2329,Y
2330,M
2331,M
2332,Y
2333,U
2334,Z
2335,F
2336,A
2337,U
2338,F
2339,W
2340,B
2341,Y
2342,A
2343,H
2344,J
2345,T
2346,W
2347,K
2348,X
2349,P
2350,B
2351,E
2352,H
2353,V
2354,I
2355,D
2356,W
2357,X
2358,Q
2359,E
2360,Y
2361,T
2362,M
2363,L
2364,C
2365,L
2366,G
2367,E
2368,B
2369,D
2370,T
2371,Z
2372,K
2373,K
2374,M
2375,Z
2376,G
2377,E
2378,G
2379,C
2380,F
2381,W
2382,S
2383,W
2384,N
2385,E
2386,M
2387,M
2388,T
2389,A
2390,V
2391,L
2392,G
2393,I
2394,X
2395,I
2396,J
2397,K
2398,X
2399,B
2400,L
2401,Y
2402,X
2403,Q
2404,R
2405,E
2406,N
2407,Y
2408,G
2409,K
2410,K
2411,O
2412,Z
2413,L
2414,Q
2415,Y
2416,Y
2417,S
2418,Y
2419,M
2420,J
2421,I
2422,U
2423,H
2424,E
2425,N
2426,D
2427,I
2428,B
2429,J
2430,E
2431,J
2432,M
2433,O
2434,U
2435,W
2436,O
2437,S
2438,F
2439,N
2440,H
2441,T
2442,G
2443,Y
2444,Z
2445,L
2446,O
2447,Z
2448,E
2449,O
2450,H
2451,Q
2452,T
2453,Z
2454,Y
2455,A
2456,G
2457,C
2458,N
2459,S
2460,O
2461,Z
2462,R
2463,D
2464,J
2465,Q
2466,O
2467,P
2468,D
2469,L
2470,R
2471,D
2472,G
2473,N
2474,I
2475,X
2476,B
2477,C
2478,I
2479,P
2480,Y
2481,S
2482,G
2483,L
2484,B
2485,C
2486,X
2487,A
2488,W
2489,W
2490,M
2491,S
2492,H
2493,Y
2494,Q
2495,D
2496,F
2497,R
2498,J
2499,W
2500,N
2501,U
2502,N
2503,V
2504,D
2505,A
2506,H
2507,F
2508,A
2509,O
2510,I
2511,D
2512,Y
2513,H
2514,K
2515,K
2516,I
2517,L
2518,D
2519,Q
2520,N
2521,Q
2522,L
2523,O
2524,F
2525,Y
2526,K
2527,I
2528,I
2529,G
2530,H
2531,Q
2532,U
2533,D
2534,D
2535,V
2536,X
2537,M
2538,B
2539,R
2540,S
2541,A
2542,J
2543,D
2544,Y
2545,G
2546,K
2547,Z
2548,P
2549,R
2550,F
2551,G
2552,Q
2553,E
2554,T
2555,M
2556,B
2557,Q
2558,E
2559,Z
2560,W
2561,X
2562,O
2563,W
2564,E
2565,Y
2566,M
2567,X
2568,N
2569,H
2570,N
2571,X
2572,W
2573,P
2574,F
2575,H
2576,P
2577,T
2578,Y
2579,R
2580,N
2581,S
2582,P
2583,F
2584,S
2585,I
2586,V
2587,T
2588,Z
2589,R
2590,G
2591,F
2592,B
2593,F
2594,G
2595,P
2596,G
2597,R
2598,O
2599,Z
2600,X
2601,S
2602,O
2603,T
2604,S
2605,O
2606,P
2607,B
2608,Q
2609,T
2610,Q
2611,Y
2612,Q
2613,L
2614,M
2615,X
2616,Q
2617,W
2618,B
2619,P
2620,J
2621,U
2622,X
2623,B
2624,C
2625,R
2626,O
2627,V
2628,P
2629,R
2630,I
2631,P
2632,A
2633,B
2634,C
2635,W
2636,Q
2637,Z
2638,I
2639,G
2640,T
2641,I
2642,C
2643,I
2644,N
2645,V
2646,K
2647,Q
2648,M
2649,P
2650,V
2651,F
2652,O
2653,Q
2654,K
2655,R
2656,F
2657,X
2658,P
2659,M
2660,E
2661,K
2662,W
2663,P
2664,W
2665,Q
2666,Z
2667,B
2668,Q
2669,X
2670,E
2671,O
2672,Q
2673,O
2674,A
2675,G
2676,U
2677,U
2678,X
2679,W
2680,C
2681,I
2682,O
2683,X
2684,V
2685,W
2686,A
2687,E
2688,P
2689,L
2690,O
2691,P
2692,B
2693,J
2694,E
2695,V
2696,K
2697,S
2698,D
2699,B
2700,N
2701,C
2702,W
2703,A
2704,A
2705,N
2706,Z
2707,H
2708,A
2709,G
2710,U
2711,W
2712,M
2713,V
2714,Q
2715,W
2716,N
2717,D
2718,A
2719,R
2720,L
2721,U
2722,N
2723,D
2724,H
2725,V
2726,H
2727,F
2728,N
2729,Q
2730,L
2731,O
2732,D
2733,D
2734,F
2735,W
2736,Q
2737,E
2738,S
2739,W
2740,U
2741,D
2742,P
2743,A
2744,C
2745,Y
2746,L
2747,I
2748,A
2749,P
2750,R
2751,G
2752,Y
2753,N
2754,R
2755,C
2756,Y
2757,I
2758,H
2759,N
2760,T
2761,Q
2762,V
2763,I
2764,I
2765,K
2766,Z
2767,M
2768,D
2769,Q
2770,V
2771,L
2772,Q
2773,K
2774,W
2775,T
2776,J
2777,L
2778,J
2779,O
2780,P
2781,R
2782,F
2783,D
2784,J
2785,F
2786,D
2787,M
2788,K
2789,D
2790,Y
2791,S
2792,M
2793,C
2794,D
2795,B
2796,X
2797,A
2798,X
2799,N
2800,G
2801,X
2802,Y
2803,P
2804,F
2805,X
2806,C
2807,J
2808,U
2809,E
2810,U
2811,U
2812,Q
2813,H
2814,Z
2815,F
2816,W
2817,J
2818,E
2819,G
2820,Z
2821,C
2822,O
2823,O
2824,E
2825,G
2826,I
2827,P
2828,S
2829,F
2830,U
2831,O
2832,S
2833,C
2834,S
2835,T
2836,R
2837,Q
2838,V
2839,T
2840,V
2841,W
2842,E
2843,G
2844,L
2845,Q
2846,Z
2847,U
2848,R
2849,P
2850,P
2851,K
2852,N
2853,T
2854,A
2855,A
2856,J
2857,L
2858,G
2859,O
2860,O
2861,E
2862,K
2863,F
2864,E
2865,H
2866,U
2867,K
2868,U
2869,M
2870,O
2871,S
2872,X
2873,J
2874,V
2875,E
2876,I
2877,L
2878,D
2879,Y
2880,A
2881,K
2882,X
2883,Y
2884,U
2885,A
2886,J
2887,X
2888,Y
2889,Z
2890,U
2891,T
2892,I
2893,A
2894,M
2895,C
2896,K
2897,J
2898,V
2899,B
2900,X
2901,J
2902,U
2903,E
2904,N
2905,M
2906,F
2907,V
2908,Q
2909,K
2910,B
2911,T
2912,A
2913,I
2914,C
2915,V
2916,Y
2917,Z
2918,Q
2919,B
2920,X
2921,D
2922,W
2923,X
2924,V
2925,Z
2926,B
2927,W
2928,B
2929,N
2930,M
2931,F
2932,C
2933,G
2934,C
2935,Z
2936,A
2937,Z
2938,S
2939,L
2940,T
2941,D
2942,G
2943,J
2944,Z
2945,Z
2946,Q
2947,C
2948,B
2949,N
2950,V
2951,J
2952,D
2953,E
2954,J
2955,T
2956,V
2957,F
2958,Y
2959,C
2960,W
2961,U
2962,J
2963,I
2964,W
2965,B
2966,Y
2967,N
2968,Z
2969,S
2970,S
2971,T
2972,Y
2973,J
2974,Z
2975,W
2976,G
2977,W
2978,T
2979,R
2980,E
2981,B
2982,Z
2983,S
2984,R
2985,M
2986,E
2987,B
2988,H
2989,W
2990,J
2991,R
2992,N
2993,C
2994,D
2995,X
2996,W
2997,R
2998,W
2999,D
3000,V
3001,K
3002,O
3003,L
3004,O
3005,U
3006,D
3007,J
3008,N
3009,O
3010,N
3011,P
3012,J
3013,A
3014,C
3015,X
3016,L
3017,I
3018,E
3019,M
3020,X
3021,D
3022,D
3023,J
3024,T
3025,U
3026,K
3027,K
3028,P
3029,B
3030,K
3031,E
3032,A
3033,Y
3034,S
3035,H
3036,Y
3037,Z
3038,E
3039,Z
3040,M
3041,P
3042,T
3043,W
3044,U
3045,U
3046,H
3047,W
3048,K
3049,Z
3050,J
3051,W
3052,P
3053,F
3054,F
3055,R
3056,D
3057,Q
3058,W
3059,J
3060,R
3061,D
3062,C
3063,A
3064,Z
3065,B
3066,O
3067,B
3068,K
3069,S
3070,D
3071,V
3072,F
3073,O
3074,P
3075,K
3076,B
3077,W
3078,H
3079,L
3080,N
3081,T
3082,L
3083,W
3084,E
3085,H
3086,J
3087,W
3088,T
3089,O
3090,E
3091,G
3092,S
3093,U
3094,K
3095,A
3096,F
3097,O
3098,V
3099,Z
3100,H
3101,L
3102,Z
3103,B
3104,W
3105,X
3106,F
3107,H
3108,A
3109,Q
3110,K
3111,M
3112,S
3113,Z
3114,M
3115,G
3116,M
3117,M
3118,L
3119,P
3120,Y
3121,H
3122,X
3123,O
3124,G
3125,A
3126,W
3127,O
3128,D
3129,H
3130,W
3131,H
3132,Y
3133,K
3134,E
3135,S
3136,S
3137,H
3138,T
3139,J
3140,Y
3141,N
3142,P
3143,W
3144,Z
3145,X
3146,I
3147,T
3148,I
3149,A
3150,D
3151,M
3152,N
3153,F
3154,T
3155,T
3156,X
3157,R
3158,Z
3159,Z
3160,G
3161,A
3162,C
3163,S
3164,R
3165,S
3166,V
3167,Z
3168,Y
3169,G
3170,I
3171,T
3172,Y
3173,Y
3174,P
3175,L
3176,H
3177,W
3178,V
3179,C
3180,O
3181,A
3182,G
3183,D
3184,E
3185,O
3186,J
3187,I
3188,G
3189,T
3190,I
3191,R
3192,Y
3193,O
3194,P
3195,Y
3196,W
3197,G
3198,W
3199,X
3200,T
3201,G
3202,R
3203,K
3204,N
3205,J
3206,E
3207,C
3208,O
3209,E
3210,X
3211,C
3212,S
3213,S
3214,O
3215,D
3216,Q
3217,K
3218,J
3219,U
3220,V
3221,C
3222,K
3223,Z
3224,T
3225,S
3226,T
3227,V
3228,T
3229,R
3230,P
3231,R
3232,I
3233,Y
3234,G
3235,H
3236,T
3237,E
3238,P
3239,Q
3240,T
3241,D
3242,M
3243,K
3244,L
3245,G
3246,U
3247,D
3248,Q
3249,V
3250,K
3251,P
3252,O
3253,S
3254,F
3255,H
3256,G
3257,H
3258,Y
3259,A
3260,T
3261,Q
3262,A
3263,I
3264,X
3265,V
3266,W
3267,K
3268,U
3269,U
3270,D
3271,A
3272,V
3273,A
3274,X
3275,U
3276,U
3277,V
3278,T
3279,T
3280,W
3281,V
3282,D
3283,K
3284,N
3285,M
3286,U
3287,X
3288,K
3289,B
3290,O
3291,T
3292,E
3293,W
3294,G
3295,A
3296,R
3297,M
3298,D
3299,U
3300,Q
3301,R
3302,W
3303,A
3304,T
3305,C
3306,P
3307,E
3308,W
3309,P
3310,F
3311,O
3312,Z
3313,M
3314,F
3315,I
3316,A
3317,I
3318,C
3319,G
3320,E
3321,V
3322,B
3323,I
3324,J
3325,Z
3326,R
3327,V
3328,W
3329,K
3330,E
3331,I
3332,L
3333,G
3334,S
3335,N
3336,M
3337,T
3338,Y
3339,S
3340,M
3341,T
3342,Y
3343,E
3344,T
3345,V
3346,G
3347,E
3348,M
3349,F
3350,G
3351,R
3352,W
3353,K
3354,I
3355,Y
3356,V
3357,S
3358,W
3359,X
3360,R
3361,F
3362,D
3363,C
3364,F
3365,X
3366,T
3367,K
3368,Z
3369,G
3370,I
3371,T
3372,L
3373,M
3374,S
3375,G
3376,X
3377,Y
3378,X
3379,F
3380,D
3381,A
3382,S
3383,N
3384,X
3385,P
3386,B
3387,V
3388,G
3389,H
3390,H
3391,J
3392,H
3393,K
3394,D
3395,B
3396,C
3397,D
3398,A
3399,O
3400,E
3401,W
3402,R
3403,V
3404,P
3405,X
3406,H
3407,J
3408,B
3409,X
3410,V
3411,I
3412,N
3413,S
3414,A
3415,D
3416,U
3417,F
3418,K
3419,G
3420,Q
3421,P
3422,S
3423,I
3424,Y
3425,P
3426,J
3427,C
3428,B
3429,H
3430,M
3431,U
3432,B
3433,X
3434,W
3435,R
3436,V
3437,G
3438,K
3439,E
3440,J
3441,R
3442,Q
3443,P
3444,G
3445,E
3446,Q
3447,Y
3448,X
3449,B
3450,E
3451,L
3452,D
3453,E
3454,V
3455,W
3456,H
3457,G
3458,Y
3459,M
3460,M
3461,U
3462,K
3463,A
3464,P
3465,S
3466,U
3467,A
3468,X
3469,R
3470,W
3471,F
3472,J
3473,J
3474,A
3475,R
3476,X
3477,K
3478,E
3479,H
3480,U
3481,X
3482,T
3483,Q
3484,A
3485,Z
3486,V
3487,C
3488,D
3489,Z
3490,B
3491,A
3492,C
3493,D
3494,E
3495,B
3496,R
3497,O
3498,J
3499,P
3500,R
3501,I
3502,L
3503,E
3504,Y
3505,A
3506,Q
3507,Z
3508,B
3509,F
3510,E
3511,M
3512,W
3513,O
3514,N
3515,R
3516,Q
3517,U
3518,Y
3519,C
3520,C
3521,I
3522,U
3523,N
3524,E
3525,S
3526,K
3527,U
3528,I
3529,S
3530,L
3531,E
3532,Z
3533,L
3534,X
3535,Q
3536,J
3537,B
3538,A
3539,C
3540,H
3541,Q
3542,Y
3543,Z
3544,O
3545,V
3546,W
3547,Y
3548,I
3549,G
3550,L
3551,E
3552,Y
3553,U
3554,H
3555,G
3556,S
3557,Y
3558,Z
3559,E
3560,M
3561,N
3562,Y
3563,L
3564,R
3565,E
3566,A
3567,F
3568,K
3569,J
3570,Y
3571,L
3572,S
3573,O
3574,F
3575,B
3576,K
3577,M
3578,G
3579,O
3580,L
3581,A
3582,P
3583,F
3584,V
3585,A
3586,T
3587,B
3588,W
3589,G
3590,V
3591,U
3592,C
3593,H
3594,T
3595,E
3596,O
3597,R
3598,N
3599,N
3600,S
3601,F
3602,Z
3603,N
3604,J
3605,W
3606,L
3607,C
3608,U
3609,R
3610,Z
3611,D
3612,R
3613,V
3614,R
3615,L
3616,A
3617,M
3618,H
3619,A
3620,R
3621,C
3622,B
3623,U
3624,D
3625,H
3626,U
3627,D
3628,L
3629,D
3630,V
3631,E
3632,E
3633,F
3634,U
3635,U
3636,I
3637,O
3638,D
3639,N
3640,E
3641,X
3642,N
3643,X
3644,F
3645,G
3646,Y
3647,X
3648,Q
3649,T
3650,B
3651,B
3652,G
3653,V
3654,P
3655,Y
3656,N
3657,V
3658,E
3659,A
3660,F
3661,S
3662,X
3663,W
3664,R
3665,K
3666,B
3667,V
3668,R
3669,M
3670,V
3671,Q
3672,V
3673,B
3674,F
3675,R
3676,N
3677,D
3678,S
3679,U
3680,Z
3681,K
3682,E
3683,E
3684,P
3685,Y
3686,O
3687,C
3688,G
3689,F
3690,A
3691,O
3692,Q
3693,Q
3694,I
3695,Y
3696,N
3697,W
3698,F
3699,A
3700,O
3701,Q
3702,A
3703,U
3704,W
3705,K
3706,M
3707,X
3708,O
3709,W
3710,E
3711,E
3712,F
3713,Y
3714,V
3715,J
3716,E
3717,W
3718,X
3719,D
3720,G
3721,S
3722,B
3723,N
3724,Q
3725,A
3726,T
3727,I
3728,B
3729,Q
3730,J
3731,Y
3732,C
3733,X
3734,G
3735,K
3736,C
3737,F
3738,S
3739,D
3740,R
3741,K
3742,R
3743,R
3744,N
3745,Z
3746,D
3747,P
3748,C
3749,Z
3750,R
3751,X
3752,N
3753,S
3754,W
3755,Q
3756,Y
3757,C
3758,J
3759,Q
3760,L
3761,U
3762,S
3763,A
3764,F
3765,G
3766,B
3767,U
3768,D
3769,T
3770,H
3771,P
3772,E
3773,H
3774,L
3775,X
3776,D
3777,Z
3778,F
3779,X
3780,O
3781,T
3782,W
3783,G
3784,E
3785,L
3786,I
3787,Q
3788,M
3789,Z
3790,O
3791,B
3792,J
3793,J
3794,C
3795,U
3796,B
3797,N
3798,X
3799,J
3800,N
3801,F
3802,R
3803,W
3804,K
3805,F
3806,T
3807,L
3808,K
3809,P
3810,G
3811,D
3812,B
3813,D
3814,N
3815,C
3816,P
3817,F
3818,K
3819,G
3820,A
3821,X
3822,O
3823,Q
3824,N
3825,J
3826,C
3827,S
3828,G
3829,T
3830,J
3831,K
3832,Q
3833,B
3834,D
3835,U
3836,S
3837,X
3838,W
3839,Z
3840,D
3841,H
3842,K
3843,P
3844,U
3845,W
3846,Q
3847,G
3848,P
3849,I
3850,Y
3851,G
3852,K
3853,A
3854,C
3855,W
3856,Q
3857,K
3858,R
3859,E
3860,I
3861,T
3862,X
3863,J
3864,Z
3865,Q
3866,E
3867,N
3868,K
3869,Z
3870,C
3871,O
3872,Y
3873,B
3874,T
3875,Y
3876,W
3877,C
3878,G
3879,P
3880,H
3881,C
3882,V
3883,J
3884,M
3885,M
3886,A
3887,I
3888,K
3889,A
3890,Q
3891,Y
3892,X
3893,O
3894,C
3895,P
3896,Z
3897,E
3898,C
3899,K
3900,V
3901,D
3902,Q
3903,I
3904,W
3905,R
3906,N
3907,I
3908,I
3909,R
3910,K
3911,A
3912,Z
3913,V
3914,Z
3915,H
3916,C
3917,M
3918,B
3919,K
3920,N
3921,T
3922,K
3923,F
3924,O
3925,A
3926,L
3927,K
3928,D
3929,O
3930,M
3931,P
3932,J
3933,B
3934,V
3935,K
3936,D
3937,R
3938,U
3939,R
3940,H
3941,A
3942,B
3943,I
3944,V
3945,U
3946,H
3947,V
3948,A
3949,F
3950,Z
3951,M
3952,S
3953,E
3954,L
3955,Q
3956,V
3957,B
3958,M
3959,F
3960,W
3961,S
3962,N
3963,J
3964,E
3965,J
3966,X
3967,W
3968,Y
3969,J
3970,S
3971,A
3972,V
3973,O
3974,R
3975,L
3976,P
3977,I
3978,Q
3979,Q
3980,D
3981,V
3982,N
3983,K
3984,S
3985,R
3986,I
3987,Q
3988,J
3989,R
3990,R
3991,I
3992,E
3993,R
3994,B
3995,Y
3996,T
3997,V
3998,D
3999,W
4000,M
4001,X
4002,M
4003,I
4004,Z
4005,R
4006,C
4007,E
4008,G
4009,R
4010,Y
4011,N
4012,H
4013,N
4014,N
4015,A
4016,E
4017,E
4018,T
4019,T
4020,S
4021,F
4022,O
4023,D
4024,Y
4025,R
4026,I
4027,P
4028,K
4029,B
4030,V
4031,N
4032,A
4033,X
4034,E
4035,O
4036,X
4037,X
4038,W
4039,K
4040,U
4041,F
4042,B
4043,F
4044,E
4045,M
4046,R
4047,Y
4048,V
4049,W
4050,H
4051,K
4052,L
4053,E
4054,S
4055,B
4056,F
4057,H
4058,X
4059,N
4060,L
4061,T
4062,E
4063,W
4064,S
4065,V
4066,Z
4067,H
4068,P
4069,O
4070,M
4071,B
4072,C
4073,E
4074,Y
4075,L
4076,X
4077,V
4078,V
4079,U
4080,J
4081,L
4082,Q
4083,D
4084,D
4085,X
4086,P
4087,J
4088,W
4089,O
4090,U
4091,Y
4092,E
4093,O
4094,N
4095,D
4096,U
4097,I
4098,B
4099,X
4100,F
4101,C
4102,D
4103,X
4104,F
4105,X
4106,L
4107,Y
4108,E
4109,U
4110,R
4111,F
4112,N
4113,E
4114,G
4115,K
4116,K
4117,X
4118,S
4119,M
4120,K
4121,V
4122,J
4123,E
4124,Z
4125,F
4126,U
4127,I
4128,L
4129,W
4130,N
4131,Y
4132,U
4133,Z
4134,K
4135,W
4136,D
4137,S
4138,L
4139,L
4140,F
4141,N
4142,V
4143,T
4144,Z
4145,L
4146,I
4147,S
4148,V
4149,B
4150,R
4151,T
4152,H
4153,Y
4154,A
4155,K
4156,D
4157,I
4158,F
4159,Q
4160,L
4161,B
4162,M
4163,X
4164,R
4165,Q
4166,J
4167,T
4168,P
4169,V
4170,W
4171,R
4172,G
4173,E
4174,S
4175,C
4176,L
4177,Y
4178,Y
4179,O
4180,Z
4181,V
4182,X
4183,N
4184,Y
4185,R
4186,F
4187,W
4188,A
4189,P
4190,C
4191,D
4192,I
4193,K
4194,D
4195,T
4196,F
4197,L
4198,A
4199,N
4200,T
4201,Q
4202,Q
4203,K
4204,Y
4205,Z
4206,J
4207,U
4208,R
4209,N
4210,Y
4211,K
4212,K
4213,N
4214,Y
4215,E
4216,W
4217,W
4218,G
4219,U
4220,M
4221,S
4222,A
4223,Z
4224,Z
4225,M
4226,Q
4227,M
4228,F
4229,V
4230,J
4231,Y
4232,N
4233,K
4234,O
4235,J
4236,M
4237,B
4238,W
4239,N
4240,H
4241,K
4242,Z
4243,T
4244,T
4245,R
4246,J
4247,B
4248,M
4249,H
4250,O
4251,L
4252,H
4253,I
4254,G
4255,I
4256,P
4257,V
4258,C
4259,B
4260,N
4261,G
4262,M
4263,X
4264,W
4265,K
4266,P
4267,H
4268,Q
4269,Q
4270,X
4271,V
4272,B
4273,D
4274,R
4275,C
4276,O
4277,S
4278,Q
4279,P
4280,R
4281,S
4282,O
4283,B
4284,H
4285,D
4286,B
4287,Z
4288,S
4289,Z
4290,R
4291,N
4292,G
4293,D
4294,H
4295,H
4296,S
4297,Z
4298,Q
4299,X
4300,I
4301,W
4302,I
4303,J
4304,S
4305,F
4306,Q
4307,Y
4308,K
4309,G
4310,H
4311,B
4312,G
4313,Z
4314,P
4315,W
4316,J
4317,V
4318,T
4319,L
4320,F
4321,U
4322,N
4323,V
4324,R
4325,X
4326,X
4327,Y
4328,A
4329,K
4330,P
4331,X
4332,J
4333,X
4334,W
4335,S
4336,W
4337,Q
4338,P
4339,S
4340,X
4341,H
4342,W
4343,W
4344,D
4345,X
4346,D
4347,D
4348,U
4349,A
4350,O
4351,Q
4352,T
4353,A
4354,T
4355,Z
4356,C
4357,Y
4358,H
4359,T
4360,T
4361,A
4362,H
4363,T
4364,O
4365,Z
4366,H
4367,O
4368,I
4369,I
4370,E
4371,L
4372,P
4373,F
4374,V
4375,J
4376,D
4377,G
4378,N
4379,A
4380,Y
4381,M
4382,U
4383,T
4384,N
4385,A
4386,N
4387,Y
4388,E
4389,T
4390,O
4391,O
4392,W
4393,R
4394,R
4395,J
4396,S
4397,F
4398,I
4399,L
4400,S
4401,L
4402,Y
4403,E
4404,D
4405,A
4406,T
4407,Y
4408,C
4409,V
4410,D
4411,M
4412,K
4413,U
4414,Q
4415,V
4416,T
4417,Z
4418,Z
4419,T
4420,N
4421,S
4422,N
4423,F
4424,I
4425,X
4426,Q
4427,E
4428,T
4429,U
4430,V
4431,A
4432,V
4433,S
4434,Q
4435,U
4436,A
4437,G
4438,D
4439,Y
4440,H
4441,M
4442,K
4443,V
4444,R
4445,R
4446,L
4447,A
4448,Q
4449,P
4450,H
4451,I
4452,J
4453,T
4454,K
4455,Q
4456,C
4457,T
4458,B
4459,J
4460,K
4461,X
4462,N
4463,W
4464,H
4465,Z
4466,W
4467,I
4468,W
4469,Y
4470,N
4471,S
4472,V
4473,Y
4474,F
4475,E
4476,X
4477,V
4478,G
4479,L
4480,J
4481,H
4482,P
4483,S
4484,C
4485,T
4486,D
4487,Q
4488,D
4489,A
4490,V
4491,R
4492,O
4493,S
4494,F
4495,B
4496,V
4497,N
4498,G
4499,H
4500,G
4501,Y
4502,K
4503,Q
4504,O
4505,A
4506,L
4507,E
4508,F
4509,W
4510,Z
4511,E
4512,E
4513,R
4514,A
4515,W
4516,V
4517,S
4518,U
4519,B
4520,J
4521,X
4522,W
4523,X
4524,R
4525,L
4526,O
4527,W
4528,E
4529,R
4530,M
4531,D
4532,U
4533,T
4534,H
4535,C
4536,C
4537,O
4538,A
4539,A
4540,W
4541,N
4542,F
4543,J
4544,G
4545,H
4546,S
4547,U
4548,O
4549,N
4550,H
4551,V
4552,T
4553,W
4554,B
4555,R
4556,S
4557,F
4558,M
4559,H
4560,B
4561,K
4562,E
4563,I
4564,A
4565,R
4566,S
4567,K
4568,W
4569,J
4570,U
4571,Z
4572,F
4573,L
4574,L
4575,D
4576,U
4577,L
4578,U
4579,L
4580,K
4581,Q
4582,T
4583,U
4584,H
4585,Y
4586,I
4587,V
4588,I
4589,E
4590,Q
4591,K
4592,C
4593,W
4594,Z
4595,M
4596,N
4597,G
4598,F
4599,Y
4600,K
4601,E
4602,F
4603,G
4604,P
4605,H
4606,E
4607,O
4608,R
4609,M
4610,L
4611,W
4612,W
4613,L
4614,E
4615,U
4616,X
4617,Q
4618,M
4619,B
4620,K
4621,P
4622,V
4623,X
4624,C
4625,B
4626,R
4627,Y
4628,E
4629,L
4630,G
4631,C
4632,C
4633,V
4634,R
4635,D
4636,E
4637,U
4638,B
4639,U
4640,E
4641,G
4642,V
4643,A
4644,W
4645,J
4646,N
4647,S
4648,O
4649,F
4650,M
4651,D
4652,L
4653,P
4654,W
4655,J
4656,S
4657,A
4658,M
4659,H
4660,T
4661,N
4662,L
4663,L
4664,L
4665,D
4666,L
4667,U
4668,T
4669,P
4670,Z
4671,X
4672,L
4673,Z
4674,A
4675,W
4676,P
4677,W
4678,W
4679,J
4680,F
4681,Y
4682,F
4683,T
4684,N
4685,I
4686,M
4687,L
4688,Q
4689,V
4690,M
4691,Y
4692,Q
4693,A
4694,F
4695,R
4696,X
4697,X
4698,B
4699,N
4700,F
4701,I
4702,Y
4703,A
4704,Z
4705,I
4706,G
4707,L
4708,T
4709,O
4710,F
4711,S
4712,V
4713,E
4714,P
4715,R
4716,K
4717,A
4718,L
4719,R
4720,P
4721,N
4722,E
4723,K
4724,E
4725,J
4726,D
4727,V
4728,X
4729,X
4730,W
4731,O
4732,B
4733,T
4734,I
4735,H
4736,B
4737,V
4738,P
4739,S
4740,O
4741,G
4742,F
4743,O
4744,J
4745,D
4746,L
4747,P
4748,M
4749,V
4750,N
4751,S
4752,F
4753,E
4754,F
4755,B
4756,W
4757,H
4758,S
4759,A
4760,Y
4761,Y
4762,H
4763,D
4764,O
4765,M
4766,H
4767,U
4768,W
4769,N
4770,F
4771,R
4772,V
4773,A
4774,A
4775,R
4776,T
4777,F
4778,T
4779,I
4780,N
4781,X
4782,M
4783,E
4784,N
4785,U
4786,T
4787,V
4788,J
4789,E
4790,B
4791,R
4792,L
4793,V
4794,R
4795,L
4796,C
4797,F
4798,F
4799,Q
4800,P
4801,V
4802,G
4803,I
4804,W
4805,A
4806,M
4807,C
4808,Z
4809,P
4810,I
4811,F
4812,J
4813,L
4814,C
4815,B
4816,V
4817,L
4818,V
4819,S
4820,F
4821,N
4822,Y
4823,B
4824,W
4825,J
4826,L
4827,U
4828,Z
4829,O
4830,G
4831,Y
4832,L
4833,J
4834,W
4835,P
4836,R
4837,S
4838,R
4839,P
4840,Z
4841,S
4842,D
4843,B
4844,W
4845,Q
4846,E
4847,W
4848,A
4849,F
4850,T
4851,K
4852,A
4853,K
4854,P
4855,P
4856,R
4857,I
4858,Z
4859,J
4860,O
4861,J
4862,T
4863,W
4864,R
4865,F
4866,F
4867,N
4868,J
4869,R
4870,S
4871,A
4872,S
4873,U
4874,A
4875,O
4876,W
4877,Q
4878,D
4879,H
4880,V
4881,C
4882,O
4883,I
4884,I
4885,T
4886,J
4887,R
4888,I
4889,O
4890,E
4891,L
4892,D
4893,T
4894,Z
4895,L
4896,K
4897,E
4898,K
4899,C
4900,Z
4901,W
4902,N
4903,D
4904,E
4905,D
4906,X
4907,T
4908,D
4909,Q
4910,Q
4911,O
4912,W
4913,E
4914,X
4915,B
4916,U
4917,M
4918,R
4919,P
4920,H
4921,T
4922,Z
4923,F
4924,C
4925,R
4926,D
4927,V
4928,Y
4929,O
4930,P
4931,I
4932,Q
4933,E
4934,K
4935,F
4936,G
4937,A
4938,R
4939,E
4940,O
4941,U
4942,P
4943,J
4944,X
4945,N
4946,M
4947,Z
4948,X
4949,M
4950,C
4951,T
4952,A
4953,Z
4954,F
4955,Q
4956,S
4957,O
4958,P
4959,E
4960,L
4961,I
4962,Y
4963,D
4964,K
4965,W
4966,M
4967,S
4968,Z
4969,V
4970,F
4971,I
4972,Z
4973,I
4974,W
4975,G
4976,Q
4977,D
4978,X
4979,R
4980,I
4981,T
4982,V
4983,N
4984,Y
4985,T
4986,U
4987,X
4988,I
4989,M
4990,N
4991,N
4992,G
4993,B
4994,P
4995,O
4996,I
4997,K
4998,T
4999,P
5000,G
5001,U
5002,K
5003,H
5004,E
5005,I
5006,V
5007,V
5008,U
5009,D
5010,U
5011,O
5012,P
5013,D
5014,J
5015,G
5016,O
5017,J
5018,V
5019,R
5020,I
5021,D
5022,H
5023,A
5024,D
5025,H
5026,R
5027,O
5028,O
5029,E
5030,F
5031,T
5032,B
5033,G
5034,F
5035,Q
5036,A
5037,B
5038,Q
5039,T
5040,A
5041,M
5042,W
5043,E
5044,H
5045,Q
5046,G
5047,H
5048,H
5049,M
5050,O
5051,J
5052,Z
5053,F
5054,B
5055,T
5056,T
5057,O
5058,I
5059,D
5060,D
5061,Q
5062,W
5063,A
5064,I
5065,M
5066,L
5067,O
5068,I
5069,Q
5070,G
5071,Q
5072,C
5073,H
5074,R
5075,Z
5076,A
5077,D
5078,Y
5079,A
5080,P
5081,Z
5082,O
5083,I
5084,K
5085,J
5086,P
5087,X
5088,E
5089,L
5090,S
5091,H
5092,E
5093,E
5094,U
5095,I
5096,B
5097,T
5098,B
5099,Q
5100,Y
5101,H
5102,L
5103,B
5104,R
5105,Q
5106,X
5107,M
5108,J
5109,O
5110,B
5111,V
5112,Z
5113,K
5114,M
5115,C
5116,G
5117,G
5118,X
5119,N
5120,P
5121,L
5122,Z
5123,Z
5124,S
5125,F
5126,Y
5127,L
5128,E
5129,L
5130,X
5131,Q
5132,S
5133,N
5134,Z
5135,Q
5136,M
5137,M
5138,F
5139,E
5140,W
5141,W
5142,B
5143,A
5144,V
5145,L
5146,T
5147,Z
5148,J
5149,P
5150,M
5151,T
5152,G
5153,E
5154,G
5155,B
5156,W
5157,F
5158,R
5159,I
5160,Q
5161,U
5162,X
5163,G
5164,K
5165,J
5166,R
5167,A
5168,V
5169,Y
5170,G
5171,M
5172,D
5173,Y
5174,L
5175,A
5176,R
5177,Y
5178,S
5179,C
5180,B
5181,B
5182,F
5183,R
5184,Y
5185,D
5186,S
5187,A
5188,R
5189,P
5190,D
5191,T
5192,L
5193,H
5194,Y
5195,F
5196,Y
5197,F
5198,Q
5199,U
5200,Q
5201,B
5202,Q
5203,Z
5204,T
5205,S
5206,U
5207,D
5208,X
5209,R
5210,U
5211,D
5212,C
5213,H
5214,I
5215,L
5216,P
5217,X
5218,L
5219,I
5220,G
5221,T
5222,E
5223,R
5224,M
5225,T
5226,X
5227,I
5228,C
5229,U
5230,M
5231,O
5232,J
5233,W
5234,A
5235,C
5236,I
5237,D
5238,O
5239,M
5240,A
5241,N
5242,J
5243,G
5244,V
5245,A
5246,D
5247,D
5248,L
5249,A
5250,Q
5251,D
5252,R
5253,E
5254,O
5255,W
5256,T
5257,Z
5258,S
5259,G
5260,R
5261,H
5262,E
5263,H
5264,E
5265,K
5266,B
5267,I
5268,K
5269,D
5270,I
5271,H
5272,L
5273,E
5274,W
5275,S
5276,N
5277,V
5278,W
5279,W
5280,Z
5281,B
5282,L
5283,L
5284,R
5285,F
5286,I
5287,G
5288,F
5289,B
5290,G
5291,U
5292,P
5293,W
5294,A
5295,P
5296,T
5297,U
5298,I
5299,F
5300,O
5301,P
5302,O
5303,A
5304,K
5305,N
5306,R
5307,T
5308,O
5309,M
5310,V
5311,U
5312,T
5313,N
5314,Y
5315,G
5316,K
5317,I
5318,L
5319,R
5320,V
5321,I
5322,K
5323,Q
5324,P
5325,T
5326,W
5327,B
5328,U
5329,A
5330,Q
5331,E
5332,L
5333,M
5334,U
5335,I
5336,D
5337,H
5338,D
5339,P
5340,U
5341,Q
5342,G
5343,Z
5344,Z
5345,Z
5346,J
5347,N
5348,X
5349,Z
5350,Y
5351,Z
5352,N
5353,C
5354,B
5355,O
5356,P
5357,C
5358,M
5359,A
5360,A
5361,D
5362,M
5363,T
5364,N
5365,S
5366,P
5367,P
5368,H
5369,I
5370,S
5371,N
5372,Z
5373,Y
5374,L
5375,O
5376,W
5377,K
5378,U
5379,V
5380,N
5381,O
5382,W
5383,C
5384,G
5385,Q
5386,D
5387,H
5388,J
5389,B
5390,O
5391,A
5392,C
5393,F
5394,O
5395,J
5396,M
5397,P
5398,K
5399,F
5400,P
5401,L
5402,T
5403,S
5404,A
5405,C
5406,Q
5407,R
5408,Q
5409,D
5410,K
5411,K
5412,L
5413,L
5414,F
5415,U
5416,A
5417,G
5418,M
5419,O
5420,T
5421,U
5422,Y
5423,S
5424,U
5425,H
5426,M
5427,P
5428,W
5429,W
5430,U
5431,N
5432,O
5433,L
5434,R
5435,M
5436,S
5437,T
5438,D
5439,J
5440,L
5441,Y
5442,I
5443,A
5444,R
5445,D
5446,A
5447,A
5448,T
5449,H
5450,B
5451,C
5452,P
5453,N
5454,J
5455,S
5456,U
5457,K
5458,Y
5459,W
5460,G
5461,R
5462,H
5463,W
5464,O
5465,B
5466,W
5467,A
5468,L
5469,Q
5470,F
5471,V
5472,O
5473,Y
5474,S
5475,C
5476,I
5477,A
5478,I
5479,Q
5480,J
5481,Z
5482,S
5483,R
5484,S
5485,L
5486,Q
5487,Q
5488,V
5489,R
5490,O
5491,R
5492,F
5493,N
5494,J
5495,P
5496,B
5497,E
5498,S
5499,N
5500,L
5501,J
5502,C
5503,D
5504,D
5505,R
5506,S
5507,N
5508,N
5509,W
5510,C
5511,J
5512,X
5513,W
5514,E
5515,Z
5516,Z
5517,R
5518,M
5519,C
5520,N
5521,B
5522,Z
5523,N
5524,I
5525,I
5526,W
5527,D
5528,P
5529,N
5530,Q
5531,I
5532,D
5533,P
5534,C
5535,J
5536,K
5537,T
5538,M
5539,K
5540,G
5541,D
5542,J
5543,F
5544,H
5545,Q
5546,X
5547,U
5548,E
5549,K
5550,R
5551,R
5552,R
5553,R
5554,V
5555,X
5556,F
5557,B
5558,L
5559,U
5560,O
5561,Y
5562,Z
5563,P
5564,U
5565,C
5566,L
5567,R
5568,P
5569,R
5570,C
5571,O
5572,R
5573,E
5574,E
5575,A
5576,L
5577,T
5578,E
5579,V
5580,E
5581,U
5582,A
5583,A
5584,Y
5585,N
5586,U
5587,G
5588,L
5589,O
5590,L
5591,Y
5592,K
5593,G
5594,F
5595,P
5596,U
5597,M
5598,L
5599,F
5600,W
5601,Z
5602,U
5603,H
5604,V
5605,E
5606,O
5607,Q
5608,J
5609,R
5610,E
5611,W
5612,T
5613,B
5614,G
5615,S
5616,B
5617,S
5618,M
5619,D
5620,P
5621,V
5622,E
5623,Z
5624,Q
5625,F
5626,Q
5627,O
5628,L
5629,L
5630,J
5631,A
5632,M
5633,H
5634,Q
5635,H
5636,V
5637,L
5638,M
5639,X
5640,Z
5641,I
5642,R
5643,O
5644,U
5645,J
5646,D
5647,K
5648,R
5649,F
5650,O
5651,A
5652,F
5653,U
5654,B
5655,F
5656,Q
5657,Q
5658,T
5659,S
5660,C
5661,Q
5662,L
5663,F
5664,P
5665,C
5666,V
5667,Q
5668,T
5669,N
5670,Z
5671,S
5672,G
5673,M
5674,R
5675,T
5676,D
5677,X
5678,M
5679,R
5680,P
5681,T
5682,Q
5683,J
5684,Y
5685,I
5686,S
5687,H
5688,Y
5689,I
5690,W
5691,I
5692,V
5693,T
5694,Y
5695,Z
5696,L
5697,Y
5698,M
5699,I
5700,R
5701,U
5702,D
5703,Y
5704,E
5705,L
5706,A
5707,C
5708,O
5709,U
5710,A
5711,E
5712,L
5713,P
5714,K
5715,R
5716,I
5717,K
5718,P
5719,W
5720,Y
5721,E
5722,K
5723,P
5724,R
5725,M
5726,F
5727,J
5728,F
5729,K
5730,U
5731,J
5732,R
5733,Q
5734,W
5735,K
5736,R
5737,M
5738,Q
5739,J
5740,X
5741,G
5742,N
5743,M
5744,Y
5745,W
5746,M
5747,K
5748,Y
5749,D
5750,F
5751,Z
5752,E
5753,S
5754,T
5755,V
5756,G
5757,M
5758,L
5759,M
5760,D
5761,B
5762,V
5763,S
5764,U
5765,H
5766,H
5767,A
5768,S
5769,X
5770,J
5771,I
5772,B
5773,L
5774,U
5775,F
5776,V
5777,A
5778,N
5779,C
5780,J
5781,U
5782,D
5783,U
5784,A
5785,A
5786,I
5787,E
5788,E
5789,L
5790,Y
5791,M
5792,R
5793,K
5794,U
5795,J
5796,F
5797,X
5798,J
5799,P
5800,F
5801,R
5802,D
5803,Q
5804,V
5805,O
5806,F
5807,A
5808,U
5809,D
5810,E
5811,G
5812,G
5813,Z
5814,W
5815,Q
5816,Y
5817,U
5818,N
5819,Y
5820,S
5821,A
5822,Y
5823,V
5824,G
5825,A
5826,U
5827,I
5828,E
5829,D
5830,D
5831,A
5832,F
5833,D
5834,V
5835,D
5836,A
5837,U
5838,Q
5839,M
5840,O
5841,X
5842,B
5843,H
5844,C
5845,K
5846,X
5847,W
5848,L
5849,V
5850,S
5851,I
5852,G
5853,W
5854,T
5855,O
5856,V
5857,M
5858,Z
5859,P
5860,A
5861,S
5862,P
5863,E
5864,P
5865,O
5866,J
5867,M
5868,H
5869,O
5870,T
5871,E
5872,U
5873,J
5874,W
5875,S
5876,M
5877,Z
5878,V
5879,X
5880,Y
5881,Y
5882,H
5883,O
5884,C
5885,S
5886,Q
5887,V
5888,K
5889,U
5890,N
5891,C
5892,Q
5893,A
5894,U
5895,X
5896,I
5897,O
5898,P
5899,L
5900,A
5901,D
5902,S
5903,U
5904,F
5905,Q
5906,E
5907,R
5908,B
5909,H
5910,B
5911,B
5912,Y
5913,Y
5914,R
5915,Y
5916,P
5917,G
5918,V
5919,K
5920,D
5921,Z
5922,N
5923,W
5924,R
5925,M
5926,S
5927,C
5928,K
5929,M
5930,L
5931,T
5932,N
5933,R
5934,K
5935,X
5936,W
5937,Z
5938,R
5939,M
5940,J
5941,G
5942,E
5943,S
5944,W
5945,P
5946,G
5947,Q
5948,B
5949,B
5950,Q
5951,L
5952,G
5953,E
5954,Z
5955,X
5956,Q
5957,N
5958,K
5959,O
5960,T
5961,P
5962,V
5963,E
5964,U
5965,Z
5966,N
5967,D
5968,R
5969,Q
5970,A
5971,J
5972,Z
5973,V
5974,S
5975,F
5976,D
5977,T
5978,K
5979,Y
5980,W
5981,X
5982,I
5983,A
5984,Z
5985,J
5986,Q
5987,E
5988,F
5989,Q
5990,X
5991,F
5992,J
5993,F
5994,P
5995,L
5996,O
5997,G
5998,Z
5999,C
6000,W
6001,N
6002,V
6003,I
6004,N
6005,H
6006,E
6007,Y
6008,G
6009,E
6010,N
6011,B
6012,G
6013,L
6014,G
6015,W
6016,M
6017,D
6018,Y
6019,R
6020,P
6021,D
6022,E
6023,W
6024,D
6025,Q
6026,R
6027,G
6028,Y
6029,R
6030,D
6031,J
6032,C
6033,I
6034,T
6035,C
6036,N
6037,M
6038,B
6039,H
6040,R
6041,Q
6042,A
6043,G
6044,Q
6045,H
6046,K
6047,G
6048,Y
6049,A
6050,J
6051,K
6052,W
6053,N
6054,H
6055,L
6056,B
6057,E
6058,Y
6059,J
6060,N
6061,L
6062,S
6063,Q
6064,D
6065,X
6066,L
6067,G
6068,P
6069,K
6070,W
6071,O
6072,W
6073,A
6074,H
6075,T
6076,I
6077,F
6078,I
6079,D
6080,T
6081,H
6082,Z
6083,I
6084,D
6085,F
6086,G
6087,T
6088,C
6089,B
6090,H
6091,N
6092,E
6093,R
6094,U
6095,L
6096,P
6097,C
6098,N
6099,F
6100,I
6101,Z
6102,F
6103,D
6104,G
6105,B
6106,S
6107,T
6108,Q
6109,V
6110,T
6111,A
6112,W
6113,K
6114,Y
6115,K
6116,L
6117,Q
6118,B
6119,S
6120,P
6121,S
6122,Q
6123,L
6124,T
6125,P
6126,A
6127,K
6128,F
6129,D
6130,Q
6131,L
6132,G
6133,C
6134,N
6135,K
6136,I
6137,P
6138,R
6139,O
6140,X
6141,V
6142,M
6143,A
6144,R
6145,Y
6146,K
6147,S
6148,X
6149,E
6150,T
6151,D
6152,I
6153,I
6154,W
6155,X
6156,B
6157,I
6158,H
6159,F
6160,S
6161,J
6162,M
6163,N
6164,A
6165,R
6166,J
6167,S
6168,N
6169,K
6170,P
6171,J
6172,N
6173,W
6174,W
6175,G
6176,G
6177,V
6178,N
6179,G
6180,P
6181,Y
6182,J
6183,X
6184,L
6185,G
6186,V
6187,Q
6188,Z
6189,D
6190,H
6191,K
6192,T
6193,U
6194,Q
6195,W
6196,E
6197,R
6198,F
6199,K
6200,H
6201,H
6202,W
6203,L
6204,S
6205,R
6206,F
6207,U
6208,X
6209,P
6210,K
6211,U
6212,P
6213,K
6214,W
6215,W
6216,M
6217,U
6218,M
6219,J
6220,I
6221,U
6222,M
6223,P
6224,B
6225,D
6226,U
6227,Z
6228,H
6229,A
6230,Q
6231,W
6232,B
6233,B
6234,W
6235,W
6236,X
6237,W
6238,O
6239,V
6240,V
6241,U
6242,G
6243,O
6244,A
6245,J
6246,I
6247,Y
6248,Q
6249,G
6250,R
6251,V
6252,Y
6253,L
6254,P
6255,L
6256,I
6257,O
6258,O
6259,K
6260,Z
6261,Q
6262,D
6263,M
6264,J
6265,N
6266,A
6267,M
6268,K
6269,E
6270,G
6271,K
6272,E
6273,Y
6274,D
6275,L
6276,W
6277,J
6278,T
6279,Y
6280,F
6281,X
6282,J
6283,T
6284,Q
6285,J
6286,L
6287,N
6288,E
6289,Z
6290,O
6291,N
6292,U
6293,L
6294,W
6295,V
6296,Q
6297,L
6298,R
6299,O
6300,M
6301,F
6302,W
6303,Q
6304,E
6305,Q
6306,G
6307,L
6308,H
6309,A
6310,D
6311,S
6312,U
6313,B
6314,J
6315,X
6316,G
6317,Z
6318,H
6319,M
6320,Q
6321,V
6322,F
6323,X
6324,I
6325,I
6326,L
6327,N
6328,H
6329,R
6330,G
6331,A
6332,O
6333,S
6334,Q
6335,R
6336,B
6337,K
6338,S
6339,O
6340,I
6341,K
6342,O
6343,C
6344,E
6345,A
6346,Q
6347,A
6348,P
6349,N
6350,K
6351,X
6352,C
6353,D
6354,D
6355,A
6356,E
6357,H
6358,H
6359,S
6360,V
6361,Y
6362,E
6363,Y
6364,Y
6365,I
6366,T
6367,Q
6368,A
6369,U
6370,S
6371,U
6372,C
6373,X
6374,Z
6375,D
6376,G
6377,D
6378,A
6379,O
6380,O
6381,C
6382,B
6383,R
6384,I
6385,S
6386,W
6387,J
6388,X
6389,E
6390,H
6391,M
6392,R
6393,D
6394,V
6395,N
6396,X
6397,S
6398,H
6399,P
6400,G
6401,E
6402,J
6403,C
6404,R
6405,M
6406,K
6407,N
6408,Z
6409,F
6410,R
6411,Z
6412,X
6413,Z
6414,W
6415,P
6416,D
6417,K
6418,L
6419,K
6420,C
6421,Z
6422,Y
6423,E
6424,I
6425,A
6426,W
6427,A
6428,V
6429,P
6430,N
6431,S
6432,Z
6433,Q
6434,U
6435,M
6436,D
6437,Z
6438,Y
6439,D
6440,J
6441,V
6442,V
6443,J
6444,R
6445,G
6446,O
6447,D
6448,D
6449,M
6450,N
6451,Q
6452,I
6453,P
6454,V
6455,E
6456,F
6457,J
6458,S
6459,J
6460,B
6461,G
6462,Q
6463,B
6464,K
6465,G
6466,E
6467,Y
6468,O
6469,K
6470,N
6471,X
6472,J
6473,A
6474,Z
6475,R
6476,E
6477,D
6478,X
6479,O
6480,A
6481,F
6482,S
6483,N
6484,F
6485,Y
6486,K
6487,W
6488,U
6489,A
6490,V
6491,U
6492,X
6493,K
6494,Y
6495,T
6496,S
6497,Q
6498,Q
6499,L
6500,A
6501,R
6502,F
6503,P
6504,X
6505,O
6506,W
6507,P
6508,U
6509,V
6510,S
6511,O
6512,O
6513,R
6514,S
6515,Q
6516,H
6517,Z
6518,F
6519,P
6520,N
6521,T
6522,F
6523,M
6524,S
6525,E
6526,S
6527,X
6528,D
6529,L
6530,I
6531,Z
6532,Q
6533,F
6534,A
6535,Z
6536,Y
6537,S
6538,J
6539,X
6540,C
6541,L
6542,T
6543,R
6544,L
6545,Y
6546,E
6547,J
6548,E
6549,P
6550,T
6551,S
6552,V
6553,J
6554,H
6555,C
6556,U
6557,F
6558,F
6559,R
6560,X
6561,E
6562,K
6563,O
6564,L
6565,K
6566,Y
6567,L
6568,K
6569,T
6570,J
6571,I
6572,A
6573,F
6574,U
6575,P
6576,J
6577,A
6578,R
6579,G
6580,K
6581,T
6582,O
6583,P
6584,G
6585,R
6586,L
6587,U
6588,M
6589,R
6590,R
6591,D
6592,G
6593,J
6594,Z
6595,D
6596,N
6597,S
6598,B
6599,D
6600,I
6601,A
6602,U
6603,P
6604,I
6605,G
6606,O
6607,W
6608,B
6609,A
6610,W
6611,U
6612,Q
6613,I
6614,F
6615,P
6616,E
6617,M
6618,O
6619,V
6620,D
6621,J
6622,L
6623,J
6624,F
6625,O
6626,G
6627,S
6628,Z
6629,O
6630,S
6631,O
6632,Q
6633,U
6634,M
6635,M
6636,X
6637,V
6638,V
6639,D
6640,F
6641,X
6642,L
6643,K
6644,J
6645,H
6646,D
6647,C
6648,C
6649,P
6650,P
6651,L
6652,B
6653,L
6654,S
6655,O
6656,D
6657,L
6658,I
6659,H
6660,Y
6661,J
6662,U
6663,D
6664,H
6665,K
6666,J
6667,R
6668,H
6669,A
6670,K
6671,A
6672,N
6673,U
6674,B
6675,R
6676,G
6677,N
6678,W
6679,H
6680,L
6681,U
6682,I
6683,Y
6684,P
6685,J
6686,U
6687,U
6688,G
6689,L
6690,I
6691,W
6692,R
6693,N
6694,L
6695,W
6696,E
6697,D
6698,J
6699,Y
6700,B
6701,B
6702,B
6703,D
6704,S
6705,T
6706,H
6707,A
6708,V
6709,A
6710,Z
6711,A
6712,R
6713,W
6714,T
6715,L
6716,C
6717,U
6718,Y
6719,E
6720,R
6721,C
6722,L
6723,K
6724,M
6725,N
6726,J
6727,P
6728,J
6729,G
6730,H
6731,B
6732,I
6733,D
6734,O
6735,B
6736,M
6737,T
6738,V
6739,L
6740,S
6741,Q
6742,Y
6743,T
6744,G
6745,Q
6746,F
6747,H
6748,V
6749,M
6750,R
6751,U
6752,S
6753,Z
6754,U
6755,W
6756,H
6757,T
6758,H
6759,V
6760,T
6761,D
6762,D
6763,R
6764,E
6765,J
6766,Q
6767,K
6768,N
6769,X
6770,H
6771,A
6772,L
6773,I
6774,N
6775,G
6776,R
6777,X
6778,D
6779,R
6780,F
6781,C
6782,O
6783,V
6784,M
6785,R
6786,O
6787,H
6788,W
6789,Q
6790,Y
6791,Q
6792,D
6793,A
6794,S
6795,P
6796,K
6797,Y
6798,B
6799,W
6800,O
6801,G
6802,I
6803,P
6804,Q
6805,A
6806,O
6807,Q
6808,I
6809,L
6810,W
6811,V
6812,N
6813,E
6814,B
6815,I
6816,F
6817,R
6818,V
6819,R
6820,H
6821,Q
6822,R
6823,P
6824,Y
6825,F
6826,Z
6827,O
6828,W
6829,C
6830,R
6831,Y
6832,I
6833,V
6834,Q
6835,G
6836,W
6837,Q
6838,G
6839,S
6840,S
6841,D
6842,W
6843,A
6844,C
6845,Q
6846,R
6847,L
6848,D
6849,F
6850,U
6851,Z
6852,S
6853,D
6854,S
6855,C
6856,R
6857,A
6858,U
6859,R
6860,J
6861,Y
6862,E
6863,J
6864,M
6865,S
6866,U
6867,L
6868,R
6869,D
6870,X
6871,V
6872,H
6873,R
6874,M
6875,L
6876,H
6877,Z
6878,F
6879,G
6880,M
6881,Y
6882,O
6883,E
6884,D
6885,O
6886,C
6887,X
6888,L
6889,T
6890,B
6891,M
6892,U
6893,S
6894,J
6895,Q
6896,T
6897,Y
6898,M
6899,Q
6900,S
6901,J
6902,A
6903,N
6904,M
6905,Y
6906,C
6907,J
6908,K
6909,Y
6910,M
6911,X
6912,J
6913,H
6914,H
6915,G
6916,V
6917,J
6918,V
6919,X
6920,F
6921,S
6922,R
6923,Y
6924,Y
6925,N
6926,Z
6927,L
6928,W
6929,N
6930,H
6931,J
6932,Y
6933,I
6934,C
6935,O
6936,U
6937,R
6938,E
6939,R
6940,U
6941,D
6942,R
6943,N
6944,C
6945,E
6946,D
6947,G
6948,K
6949,Y
6950,X
6951,Z
6952,X
6953,F
6954,N
6955,K
6956,R
6957,O
6958,V
6959,J
6960,M
6961,H
6962,Y
6963,D
6964,S
6965,X
6966,S
6967,Y
6968,Q
6969,T
6970,A
6971,R
6972,U
6973,F
6974,D
6975,E
6976,V
6977,D
6978,V
6979,D
6980,H
6981,T
6982,K
6983,Z
6984,N
6985,A
6986,M
6987,O
6988,T
6989,A
6990,R
6991,A
6992,J
6993,D
6994,B
6995,R
6996,V
6997,B
6998,I
6999,U
7000,M
7001,W
7002,C
7003,N
7004,K
7005,D
7006,B
7007,Z
7008,T
7009,D
7010,T
7011,W
7012,U
7013,F
7014,H
7015,U
7016,Z
7017,Z
7018,M
7019,D
7020,U
7021,C
7022,R
7023,B
7024,E
7025,F
7026,G
7027,O
7028,M
7029,R
7030,M
7031,M
7032,V
7033,Y
7034,T
7035,V
7036,W
7037,G
7038,L
7039,C
7040,D
7041,P
7042,V
7043,L
7044,P
7045,S
7046,F
7047,G
7048,G
7049,V
7050,L
7051,Y
7052,L
7053,X
7054,K
7055,F
7056,Q
7057,X
7058,E
7059,G
7060,V
7061,R
7062,S
7063,K
7064,B
7065,R
7066,L
7067,V
7068,R
7069,I
7070,M
7071,P
7072,D
7073,D
7074,O
7075,V
7076,X
7077,T
7078,J
7079,F
7080,I
7081,L
7082,E
7083,R
7084,S
7085,R
7086,V
7087,H
7088,L
7089,F
7090,N
7091,X
7092,Q
7093,A
7094,R
7095,X
7096,R
7097,Y
7098,M
7099,S
7100,J
7101,B
7102,N
7103,Q
7104,Y
7105,Z
7106,C
7107,C
7108,W
7109,R
7110,B
7111,P
7112,D
7113,R
7114,Q
7115,B
7116,S
7117,O
7118,H
7119,I
7120,I
7121,G
7122,W
7123,A
7124,J
7125,Q
7126,L
7127,I
7128,D
7129,M
7130,I
7131,U
7132,I
7133,D
7134,E
7135,G
7136,V
7137,S
7138,R
7139,E
7140,M
7141,Y
7142,I
7143,E
7144,Q
7145,Z
7146,S
7147,W
7148,G
7149,T
7150,Q
7151,C
7152,A
7153,A
7154,W
7155,A
7156,Y
7157,L
7158,Z
7159,B
7160,X
7161,E
7162,J
7163,G
7164,X
7165,G
7166,Q
7167,Q
7168,T
7169,U
7170,E
7171,A
7172,W
7173,Z
7174,O
7175,X
7176,T
7177,O
7178,H
7179,V
7180,E
7181,K
7182,O
7183,W
7184,D
7185,P
7186,F
7187,M
7188,Y
7189,J
7190,Q
7191,M
7192,K
7193,T
7194,Y
7195,S
7196,J
7197,A
7198,F
7199,W
7200,N
7201,W
7202,G
7203,S
7204,D
7205,G
7206,H
7207,P
7208,M
7209,C
7210,R
7211,R
7212,H
7213,S
7214,W
7215,W
7216,M
7217,A
7218,N
7219,W
7220,Y
7221,H
7222,Z
7223,X
7224,C
7225,A
7226,N
7227,J
7228,D
7229,D
7230,E
7231,B
7232,U
7233,H
7234,P
7235,D
7236,O
7237,E
7238,P
7239,C
7240,U
7241,V
7242,N
7243,D
7244,M
7245,W
7246,H
7247,N
7248,Z
7249,I
7250,L
7251,Q
7252,O
7253,F
7254,M
7255,S
7256,V
7257,U
7258,L
7259,M
7260,L
7261,I
7262,U
7263,I
7264,X
7265,A
7266,M
7267,J
7268,M
7269,A
7270,M
7271,I
7272,P
7273,C
7274,Y
7275,Y
7276,D
7277,Q
7278,R
7279,L
7280,N
7281,P
7282,Q
7283,T
7284,E
7285,Z
7286,L
7287,H
7288,Z
7289,W
7290,D
7291,Y
7292,S
7293,F
7294,I
7295,K
7296,E
7297,F
7298,C
7299,I
7300,U
7301,K
7302,L
7303,C
7304,X
7305,P
7306,M
7307,W
7308,I
7309,H
7310,S
7311,F
7312,Q
7313,W
7314,R
7315,I
7316,X
7317,P
7318,D
7319,Z
7320,B
7321,B
7322,Y
7323,A
7324,F
7325,M
7326,C
7327,N
7328,P
7329,O
7330,O
7331,B
7332,R
7333,S
7334,Z
7335,H
7336,Q
7337,L
7338,Z
7339,Q
7340,Q
7341,Y
7342,F
7343,M
7344,U
7345,F
7346,H
7347,F
7348,V
7349,X
7350,I
7351,E
7352,E
7353,E
7354,C
7355,X
7356,H
7357,U
7358,X
7359,E
7360,O
7361,Q
7362,Z
7363,N
7364,Z
7365,I
7366,Q
7367,U
7368,T
7369,C
7370,I
7371,Z
7372,I
7373,C
7374,Y
7375,W
7376,R
7377,Q
7378,C
7379,M
7380,Q
7381,Y
7382,T
7383,E
7384,U
7385,Z
7386,R
7387,W
7388,J
7389,W
7390,F
7391,K
7392,G
7393,Y
7394,N
7395,R
7396,K
7397,R
7398,Z
7399,K
7400,F
7401,N
7402,L
7403,P
7404,G
7405,Z
7406,Q
7407,X
7408,Y
7409,F
7410,S
7411,P
7412,Z
7413,M
7414,Z
7415,K
7416,I
7417,H
7418,I
7419,D
7420,W
7421,J
7422,D
7423,T
7424,V
7425,B
7426,J
7427,F
7428,O
7429,G
7430,Y
7431,C
7432,Y
7433,Y
7434,C
7435,I
7436,E
7437,T
7438,C
7439,H
7440,K
7441,Z
7442,U
7443,A
7444,K
7445,Q
7446,M
7447,F
7448,H
7449,Y
7450,S
7451,Y
7452,K
7453,Y
7454,J
7455,W
7456,A
7457,N
7458,Q
7459,E
7460,P
7461,K
7462,Q
7463,P
7464,Z
7465,S
7466,P
7467,U
7468,Z
7469,R
7470,D
7471,Q
7472,R
7473,A
7474,A
7475,G
7476,N
7477,E
7478,V
7479,Y
7480,C
7481,R
7482,F
7483,R
7484,D
7485,R
7486,C
7487,V
7488,O
7489,X
7490,M
7491,L
7492,E
7493,O
7494,Z
7495,X
7496,F
7497,D
7498,J
7499,V
7500,N
7501,P
7502,L
7503,N
7504,M
7505,J
7506,Z
7507,V
7508,X
7509,O
7510,M
7511,Z
7512,G
7513,I
7514,C
7515,E
7516,D
7517,B
7518,R
7519,U
7520,D
7521,S
7522,A
7523,K
7524,L
7525,F
7526,C
7527,T
7528,Q
7529,M
7530,W
7531,C
7532,O
7533,R
7534,U
7535,O
7536,O
7537,E
7538,K
7539,E
7540,C
7541,H
7542,A
7543,R
7544,E
7545,S
7546,E
7547,R
7548,S
7549,Z
7550,H
7551,V
7552,K
7553,O
7554,R
7555,A
7556,V
7557,S
7558,X
7559,C
7560,E
7561,B
7562,W
7563,K
7564,Z
7565,C
7566,A
7567,K
7568,P
7569,E
7570,V
7571,V
7572,S
7573,S
7574,X
7575,K
7576,I
7577,P
7578,L
7579,L
7580,F
7581,R
7582,H
7583,B
7584,Q
7585,Y
7586,B
7587,H
7588,I
7589,N
7590,N
7591,U
7592,U
7593,F
7594,J
7595,L
7596,P
7597,W
7598,W
7599,P
7600,I
7601,T
7602,Z
7603,F
7604,I
7605,H
7606,S
7607,W
7608,E
7609,U
7610,K
7611,O
7612,X
7613,V
7614,X
7615,R
7616,Z
7617,L
7618,J
7619,W
7620,C
7621,E
7622,X
7623,R
7624,M
7625,E
7626,W
7627,Y
7628,B
7629,P
7630,B
7631,V
7632,L
7633,V
7634,L
7635,X
7636,N
7637,Y
7638,X
7639,J
7640,E
7641,C
7642,L
7643,R
7644,F
7645,D
7646,K
7647,R
7648,T
7649,Q
7650,F
7651,T
7652,X
7653,U
7654,B
7655,P
7656,E
7657,H
7658,H
7659,S
7660,U
7661,K
7662,K
7663,R
7664,P
7665,M
7666,V
7667,G
7668,X
7669,P
7670,B
7671,I
7672,U
7673,I
7674,Z
7675,Z
7676,K
7677,H
7678,V
7679,G
7680,B
7681,Z
7682,L
7683,X
7684,T
7685,C
7686,B
7687,L
7688,W
7689,V
7690,O
7691,K
7692,Z
7693,N
7694,R
7695,T
7696,F
7697,S
7698,A
7699,Y
7700,A
7701,D
7702,R
7703,W
7704,L
7705,H
7706,L
7707,T
7708,V
7709,X
7710,D
7711,M
7712,D
7713,D
7714,H
7715,R
7716,U
7717,K
7718,K
7719,C
7720,J
7721,D
7722,N
7723,U
7724,S
7725,C
7726,Q
7727,Q
7728,B
7729,Q
7730,K
7731,I
7732,M
7733,O
7734,P
7735,B
7736,Q
7737,T
7738,D
7739,F
7740,W
7741,S
7742,X
7743,M
7744,E
7745,P
7746,W
7747,B
7748,B
7749,B
7750,P
7751,J
7752,U
7753,M
7754,B
7755,P
7756,V
7757,H
7758,B
7759,A
7760,T
7761,G
7762,S
7763,Y
7764,V
7765,S
7766,K
7767,O
7768,U
7769,H
7770,N
7771,P
7772,T
7773,J
7774,Q
7775,E
7776,K
7777,X
7778,I
7779,Z
7780,Q
7781,T
7782,D
7783,E
7784,A
7785,D
7786,D
7787,Q
7788,D
7789,I
7790,S
7791,X
7792,I
7793,Q
7794,O
7795,F
7796,R
7797,P
7798,J
7799,Q
7800,J
7801,L
7802,Z
7803,D
7804,X
7805,N
7806,Q
7807,G
7808,A
7809,P
7810,T
7811,N
7812,Q
7813,Q
7814,P
7815,I
7816,C
7817,M
7818,P
7819,N
7820,L
7821,I
7822,I
7823,P
7824,N
7825,R
7826,Q
7827,S
7828,Q
7829,K
7830,Z
7831,Q
7832,W
7833,G
7834,K
7835,C
7836,P
7837,B
7838,D
7839,G
7840,H
7841,H
7842,J
7843,P
7844,D
7845,G
7846,Z
7847,T
7848,W
7849,T
7850,I
7851,C
7852,Q
7853,M
7854,T
7855,A
7856,B
7857,X
7858,O
7859,W
7860,F
7861,E
7862,Q
7863,X
7864,S
7865,V
7866,R
7867,Z
7868,F
7869,E
7870,J
7871,M
7872,H
7873,N
7874,H
7875,F
7876,F
7877,Z
7878,C
7879,G
7880,J
7881,G
7882,H
7883,B
7884,M
7885,L
7886,R
7887,I
7888,Q
7889,W
7890,X
7891,F
7892,A
7893,S
7894,W
7895,W
7896,I
7897,W
7898,S
7899,E
7900,A
7901,E
7902,S
7903,B
7904,I
7905,U
7906,Q
7907,J
7908,Y
7909,V
7910,P
7911,S
7912,N
7913,J
7914,G
7915,D
7916,W
7917,A
7918,T
7919,E
7920,Z
7921,W
7922,O
7923,E
7924,R
7925,Q
7926,F
7927,V
7928,G
7929,V
7930,K
7931,U
7932,K
7933,Z
7934,I
7935,C
7936,P
7937,R
7938,O
7939,B
7940,K
7941,O
7942,V
7943,A
7944,H
7945,G
7946,F
7947,B
7948,P
7949,S
7950,G
7951,E
7952,S
7953,U
7954,X
7955,I
7956,T
7957,X
7958,D
7959,E
7960,W
7961,U
7962,D
7963,T
7964,S
7965,Y
7966,N
7967,S
7968,H
7969,S
7970,G
7971,G
7972,S
7973,H
7974,C
7975,A
7976,Q
7977,I
7978,A
7979,Q
7980,R
7981,H
7982,K
7983,Y
7984,A
7985,V
7986,S
7987,B
7988,U
7989,K
7990,F
7991,G
7992,Q
7993,F
7994,H
7995,I
7996,F
7997,L
7998,P
7999,Z
8000,P
8001,M
8002,W
8003,Y
8004,X
8005,V
8006,J
8007,O
8008,M
8009,V
8010,Q
8011,N
8012,L
8013,X
8014,E
8015,J
8016,L
8017,Z
8018,O
8019,T
8020,K
8021,C
8022,X
8023,M
8024,C
8025,J
8026,H
8027,S
8028,K
8029,F
8030,T
8031,B
8032,U
8033,A
8034,K
8035,D
8036,B
8037,R
8038,Q
8039,N
8040,V
8041,C
8042,W
8043,M
8044,G
8045,T
8046,I
8047,C
8048,U
8049,H
8050,D
8051,L
8052,D
8053,X
8054,U
8055,D
8056,P
8057,B
8058,M
8059,F
8060,G
8061,X
8062,I
8063,B
8064,Z
8065,J
8066,D
8067,W
8068,H
8069,E
8070,Z
8071,T
8072,Q
8073,K
8074,R
8075,G
8076,S
8077,Z
8078,Q
8079,U
8080,K
8081,V
8082,C
8083,A
8084,Q
8085,T
8086,J
8087,R
8088,R
8089,C
8090,I
8091,Z
8092,K
8093,F
8094,P
8095,B
8096,L
8097,P
8098,F
8099,X
8100,R
8101,U
8102,K
8103,D
8104,V
8105,B
8106,X
8107,P
8108,R
8109,U
8110,W
8111,R
8112,A
8113,Q
8114,B
8115,E
8116,J
8117,N
8118,B
8119,J
8120,T
8121,F
8122,E
8123,I
8124,D
8125,D
8126,T
8127,F
8128,K
8129,T
8130,E
8131,M
8132,H
8133,J
8134,Y
8135,N
8136,K
8137,O
8138,M
8139,G
8140,Z
8141,I
8142,U
8143,J
8144,I
8145,T
8146,R
8147,K
8148,D
8149,F
8150,Q
8151,R
8152,G
8153,H
8154,L
8155,L
8156,D
8157,I
8158,D
8159,P
8160,Z
8161,J
8162,W
8163,N
8164,G
8165,D
8166,O
8167,U
8168,G
8169,R
8170,G
8171,X
8172,M
8173,U
8174,E
8175,M
8176,A
8177,G
8178,D
8179,F
8180,I
8181,R
8182,K
8183,W
8184,S
8185,C
8186,N
8187,P
8188,P
8189,P
8190,V
8191,J
8192,M
8193,A
8194,S
8195,T
8196,O
8197,R
8198,I
8199,U
8200,K
8201,G
8202,F
8203,J
8204,Z
8205,J
8206,U
8207,Q
8208,V
8209,E
8210,L
8211,B
8212,O
8213,X
8214,X
8215,J
8216,N
8217,K
8218,U
8219,A
8220,Z
8221,A
8222,O
8223,P
8224,A
8225,Q
8226,M
8227,V
8228,J
8229,A
8230,F
8231,J
8232,U
8233,G
8234,D
8235,H
8236,I
8237,E
8238,K
8239,L
8240,L
8241,P
8242,X
8243,M
8244,L
8245,T
8246,S
8247,N
8248,E
8249,W
8250,Q
8251,Y
8252,Q
8253,M
8254,D
8255,K
8256,W
8257,P
8258,H
8259,C
8260,S
8261,Q
8262,I
8263,L
8264,I
8265,F
8266,A
8267,N
8268,I
8269,C
8270,U
8271,O
8272,P
8273,N
8274,P
8275,W
8276,O
8277,F
8278,I
8279,R
8280,D
8281,W
8282,M
8283,P
8284,T
8285,P
8286,A
8287,Y
8288,F
8289,P
8290,G
8291,U
8292,S
8293,Y
8294,P
8295,U
8296,A
8297,H
8298,R
8299,R
8300,X
8301,J
8302,S
8303,N
8304,Y
8305,A
8306,D
8307,U
8308,L
8309,F
8310,G
8311,F
8312,V
8313,P
8314,S
8315,F
8316,T
8317,C
8318,K
8319,R
8320,H
8321,W
8322,O
8323,V
8324,L
8325,I
8326,B
8327,J
8328,V
8329,V
8330,B
8331,P
8332,T
8333,J
8334,P
8335,Z
8336,G
8337,D
8338,F
8339,T
8340,T
8341,P
8342,B
8343,N
8344,S
8345,B
8346,S
8347,C
8348,R
8349,O
8350,R
8351,N
8352,G
8353,W
8354,I
8355,U
8356,Z
8357,G
8358,U
8359,Z
8360,H
8361,H
8362,B
8363,J
8364,U
8365,T
8366,H
8367,O
8368,E
8369,Y
8370,M
8371,E
8372,A
8373,J
8374,F
8375,X
8376,H
8377,A
8378,S
8379,K
8380,W
8381,Y
8382,Z
8383,V
8384,I
8385,F
8386,S
8387,B
8388,J
8389,C
8390,T
8391,M
8392,D
8393,N
8394,N
8395,N
8396,U
8397,P
8398,L
8399,W
8400,L
8401,M
8402,N
8403,O
8404,W
8405,L
8406,F
8407,U
8408,Y
8409,J
8410,Q
8411,K
8412,L
8413,H
8414,R
8415,H
8416,S
8417,L
8418,W
8419,F
8420,T
8421,I
8422,Y
8423,U
8424,K
8425,G
8426,K
8427,B
8428,R
8429,T
8430,F
8431,N
8432,U
8433,U
8434,A
8435,L
8436,V
8437,S
8438,R
8439,M
8440,F
8441,V
8442,I
8443,J
8444,Y
8445,W
8446,Z
8447,Z
8448,R
8449,C
8450,X
8451,R
8452,K
8453,J
8454,M
8455,T
8456,E
8457,Q
8458,N
8459,H
8460,F
8461,K
8462,J
8463,C
8464,W
8465,Y
8466,Q
8467,G
8468,M
8469,D
8470,A
8471,J
8472,M
8473,F
8474,K
8475,M
8476,S
8477,D
8478,E
8479,C
8480,I
8481,T
8482,Z
8483,M
8484,T
8485,Q
8486,H
8487,E
8488,H
8489,Z
8490,W
8491,V
8492,F
8493,T
8494,R
8495,G
8496,L
8497,Y
8498,A
8499,N
8500,M
8501,P
8502,V
8503,V
8504,M
8505,I
8506,F
8507,A
8508,Z
8509,V
8510,O
8511,S
8512,Z
8513,X
8514,G
8515,O
8516,N
8517,O
8518,L
8519,Z
8520,F
8521,P
8522,G
8523,P
8524,Q
8525,Y
8526,T
8527,O
8528,E
8529,X
8530,T
8531,S
8532,I
8533,C
8534,O
8535,F
8536,Y
8537,A
8538,E
8539,E
8540,C
8541,O
8542,J
8543,X
8544,T
8545,D
8546,X
8547,Z
8548,P
8549,P
8550,Y
8551,A
8552,P
8553,W
8554,P
8555,G
8556,C
8557,E
8558,W
8559,R
8560,U
8561,V
8562,R
8563,F
8564,Q
8565,M
8566,V
8567,X
8568,C
8569,A
8570,R
8571,G
8572,L
8573,B
8574,W
8575,V
8576,X
8577,A
8578,Z
8579,H
8580,B
8581,G
8582,V
8583,T
8584,B
8585,V
8586,V
8587,O
8588,Y
8589,P
8590,H
8591,F
8592,A
8593,U
8594,Z
8595,W
8596,Z
8597,S
8598,B
8599,F
8600,B
8601,E
8602,C
8603,K
8604,I
8605,Z
8606,J
8607,P
8608,P
8609,C
8610,S
8611,B
8612,Z
8613,N
8614,B
8615,B
8616,K
8617,A
8618,U
8619,E
8620,K
8621,K
8622,X
8623,T
8624,R
8625,V
8626,U
8627,U
8628,Z
8629,B
8630,V
8631,N
8632,I
8633,G
8634,V
8635,Z
8636,B
8637,Z
8638,C
8639,H
8640,C
8641,X
8642,F
8643,X
8644,H
8645,I
8646,S
8647,E
8648,W
8649,R
8650,L
8651,Y
8652,X
8653,U
8654,O
8655,X
8656,A
8657,A
8658,N
8659,P
8660,E
8661,K
8662,Q
8663,G
8664,K
8665,B
8666,K
8667,D
8668,A
8669,T
8670,I
8671,B
8672,O
8673,Z
8674,Q
8675,K
8676,N
8677,X
8678,U
8679,T
8680,X
8681,D
8682,P
8683,N
8684,X
8685,W
8686,Z
8687,H
8688,G
8689,K
8690,W
8691,U
8692,E
8693,T
8694,Z
8695,R
8696,S
8697,L
8698,X
8699,C
8700,M
8701,Z
8702,J
8703,F
8704,F
8705,X
8706,C
8707,E
8708,H
8709,S
8710,I
8711,X
8712,O
8713,Q
8714,F
8715,S
8716,E
8717,W
8718,Y
8719,O
8720,W
8721,Z
8722,N
8723,V
8724,N
8725,P
8726,K
8727,F
8728,R
8729,D
8730,Z
8731,E
8732,V
8733,J
8734,L
8735,R
8736,G
8737,N
8738,U
8739,D
8740,W
8741,D
8742,I
8743,L
8744,T
8745,B
8746,D
8747,F
8748,D
8749,Z
8750,F
8751,H
8752,Q
8753,X
8754,A
8755,G
8756,V
8757,Y
8758,M
8759,G
8760,V
8761,A
8762,A
8763,O
8764,I
8765,M
8766,N
8767,W
8768,X
8769,L
8770,U
8771,I
8772,I
8773,Q
8774,U
8775,G
8776,L
8777,A
8778,I
8779,U
8780,B
8781,I
8782,O
8783,C
8784,G
8785,D
8786,C
8787,M
8788,S
8789,R
8790,Q
8791,B
8792,O
8793,U
8794,I
8795,N
8796,X
8797,C
8798,W
8799,A
8800,J
8801,E
8802,H
8803,S
8804,T
8805,P
8806,T
8807,F
8808,O
8809,N
8810,Q
8811,C
8812,V
8813,D
8814,T
8815,P
8816,J
8817,T
8818,I
8819,H
8820,R
8821,T
8822,K
8823,C
8824,I
8825,I
8826,I
8827,F
8828,J
8829,W
8830,E
8831,U
8832,V
8833,Y
8834,L
8835,I
8836,E
8837,M
8838,G
8839,H
8840,D
8841,H
8842,Y
8843,B
8844,G
8845,N
8846,P
8847,X
8848,T
8849,U
8850,K
8851,K
8852,I
8853,B
8854,J
8855,S
8856,Q
8857,L
8858,R
8859,Z
8860,K
8861,L
8862,S
8863,H
8864,D
8865,H
8866,K
8867,C
8868,S
8869,S
8870,H
8871,Z
8872,B
8873,Q
8874,D
8875,G
8876,D
8877,S
8878,U
8879,E
8880,B
8881,I
8882,Z
8883,C
8884,K
8885,O
8886,Z
8887,F
8888,X
8889,W
8890,Z
8891,P
8892,A
8893,N
8894,C
8895,R
8896,R
8897,U
8898,G
8899,B
8900,M
8901,R
8902,X
8903,N
8904,H
8905,W
8906,E
8907,L
8908,I
8909,X
8910,E
8911,L
8912,B
8913,K
8914,R
8915,O
8916,E
8917,D
8918,V
8919,Z
8920,Q
8921,L
8922,L
8923,O
8924,N
8925,U
8926,D
8927,A
8928,L
8929,Z
8930,B
8931,E
8932,N
8933,W
8934,B
8935,Q
8936,V
8937,G
8938,X
8939,J
8940,R
8941,E
8942,M
8943,W
8944,K
8945,C
8946,D
8947,I
8948,J
8949,T
8950,J
8951,L
8952,F
8953,Z
8954,Z
8955,V
8956,E
8957,X
8958,D
8959,K
8960,B
8961,K
8962,I
8963,L
8964,X
8965,Q
8966,W
8967,G
8968,P
8969,D
8970,G
8971,U
8972,Z
8973,U
8974,M
8975,A
8976,V
8977,K
8978,A
8979,W
8980,R
8981,I
8982,D
8983,R
8984,C
8985,G
8986,O
8987,C
8988,J
8989,O
8990,I
8991,A
8992,S
8993,P
8994,V
8995,V
8996,T
8997,W
8998,G
8999,D
9000,O
9001,T
9002,B
9003,L
9004,C
9005,X
9006,Y
9007,P
9008,B
9009,K
9010,Y
9011,Q
9012,P
9013,H
9014,R
9015,S
9016,X
9017,B
9018,A
9019,P
9020,K
9021,K
9022,A
9023,Y
9024,E
9025,E
9026,W
9027,J
9028,C
9029,U
9030,H
9031,F
9032,E
9033,M
9034,G
9035,C
9036,W
9037,H
9038,R
9039,D
9040,T
9041,E
9042,O
9043,D
9044,D
9045,A
9046,M
9047,G
9048,X
9049,G
9050,Y
9051,N
9052,P
9053,D
9054,L
9055,G
9056,A
9057,Q
9058,N
9059,A
9060,C
9061,Z
9062,A
9063,I
9064,Y
9065,O
9066,S
9067,K
9068,D
9069,H
9070,K
9071,H
9072,Q
9073,S
9074,N
9075,X
9076,O
9077,A
9078,C
9079,X
9080,Q
9081,O
9082,S
9083,E
9084,I
9085,L
9086,X
9087,D
9088,C
9089,N
9090,Y
9091,T
9092,T
9093,M
9094,E
9095,J
9096,G
9097,I
9098,J
9099,E
9100,R
9101,X
9102,X
9103,Q
9104,K
9105,C
9106,R
9107,J
9108,U
9109,Q
9110,Z
9111,A
9112,N
9113,V
9114,S
9115,T
9116,X
9117,X
9118,Q
9119,Q
9120,R
9121,L
9122,J
9123,P
9124,F
9125,S
9126,L
9127,D
9128,W
9129,B
9130,C
9131,D
9132,J
9133,T
9134,Y
9135,V
9136,W
9137,K
9138,C
9139,B
9140,Z
9141,W
9142,T
9143,T
9144,A
9145,W
9146,J
9147,W
9148,R
9149,J
9150,Y
9151,X
9152,B
9153,W
9154,V
9155,M
9156,M
9157,B
9158,G
9159,O
9160,W
9161,B
9162,U
9163,A
9164,A
9165,Y
9166,H
9167,M
9168,A
9169,Q
9170,Z
9171,L
9172,R
9173,P
9174,V
9175,C
9176,Q
9177,L
9178,B
9179,S
9180,Y
9181,K
9182,B
9183,D
9184,K
9185,R
9186,M
9187,M
9188,S
9189,E
9190,U
9191,M
9192,D
9193,R
9194,I
9195,O
9196,W
9197,R
9198,T
9199,E
9200,H
9201,W
9202,U
9203,A
9204,I
9205,T
9206,V
9207,T
9208,T
9209,J
9210,E
9211,N
9212,B
9213,R
9214,H
9215,F
9216,F
9217,P
9218,P
9219,N
9220,Z
9221,F
9222,B
9223,U
9224,D
9225,D
9226,P
9227,M
9228,W
9229,D
9230,B
9231,N
9232,T
9233,D
9234,E
9235,G
9236,Y
9237,Q
9238,Q
9239,J
9240,X
9241,M
9242,C
9243,G
9244,I
9245,W
9246,W
9247,L
9248,T
9249,Z
9250,E
9251,P
9252,I
9253,S
9254,D
9255,H
9256,H
9257,U
9258,N
9259,O
9260,D
9261,M
9262,J
9263,E
9264,Q
9265,D
9266,T
9267,R
9268,R
9269,C
9270,L
9271,G
9272,R
9273,N
9274,G
9275,O
9276,D
9277,R
9278,B
9279,W
9280,F
9281,D
9282,L
9283,R
9284,W
9285,B
9286,Y
9287,W
9288,C
9289,Y
9290,A
9291,M
9292,Z
9293,Y
9294,D
9295,R
9296,S
9297,B
9298,F
9299,T
9300,H
9301,C
9302,D
9303,T
9304,A
9305,I
9306,A
9307,H
9308,T
9309,T
9310,F
9311,Q
9312,U
9313,Q
9314,M
9315,V
9316,R
9317,S
9318,R
9319,H
9320,R
9321,W
9322,L
9323,A
9324,Y
9325,P
9326,U
9327,S
9328,P
9329,U
9330,D
9331,Y
9332,H
9333,G
9334,W
9335,G
9336,X
9337,R
9338,U
9339,C
9340,O
9341,V
9342,M
9343,W
9344,R
9345,V
9346,M
9347,Y
9348,V
9349,C
9350,F
9351,T
9352,Z
9353,W
9354,E
9355,X
9356,X
9357,S
9358,F
9359,X
9360,B
9361,T
9362,G
9363,T
9364,J
9365,M
9366,Y
9367,E
9368,Q
9369,K
9370,Z
9371,U
9372,W
9373,R
9374,F
9375,Q
9376,D
9377,N
9378,H
9379,C
9380,K
9381,Q
9382,W
9383,T
9384,Z
9385,R
9386,Q
9387,X
9388,Q
9389,L
9390,D
9391,U
9392,U
9393,B
9394,D
9395,S
9396,Z
9397,R
9398,R
9399,U
9400,Q
9401,G
9402,Y
9403,N
9404,Z
9405,N
9406,R
9407,B
9408,I
9409,E
9410,X
9411,F
9412,N
9413,T
9414,U
9415,I
9416,P
9417,H
9418,F
9419,S
9420,A
9421,X
9422,X
9423,A
9424,M
9425,R
9426,L
9427,G
9428,U
9429,U
9430,R
9431,M
9432,J
9433,C
9434,C
9435,O
9436,D
9437,N
9438,C
9439,V
9440,L
9441,I
9442,A
9443,H
9444,E
9445,V
9446,Y
9447,H
9448,V
9449,J
9450,U
9451,C
9452,V
9453,F
9454,T
9455,F
9456,V
9457,S
9458,W
9459,W
9460,J
9461,T
9462,I
9463,R
9464,I
9465,S
9466,W
9467,F
9468,C
9469,F
9470,U
9471,J
9472,T
9473,N
9474,X
9475,J
9476,O
9477,J
9478,Z
9479,N
9480,P
9481,S
9482,H
9483,T
9484,Y
9485,X
9486,P
9487,A
9488,P
9489,F
9490,Z
9491,C
9492,H
9493,N
9494,N
9495,R
9496,X
9497,W
9498,P
9499,P
9500,S
9501,F
9502,Z
9503,M
9504,K
9505,C
9506,V
9507,J
9508,K
9509,U
9510,Z
9511,W
9512,W
9513,Q
9514,P
9515,M
9516,E
9517,U
9518,G
9519,Z
9520,L
9521,F
9522,M
9523,J
9524,D
9525,X
9526,U
9527,V
9528,Q
9529,J
9530,Z
9531,B
9532,N
9533,F
9534,Z
9535,S
9536,P
9537,H
9538,O
9539,H
9540,Q
9541,L
9542,X
9543,F
9544,D
9545,L
9546,P
9547,Z
9548,J
9549,D
9550,R
9551,T
9552,W
9553,U
9554,Z
9555,F
9556,M
9557,Y
9558,Q
9559,O
9560,X
9561,X
9562,O
9563,U
9564,U
9565,X
9566,B
9567,D
9568,Q
9569,Y
9570,B
9571,E
9572,N
9573,V
9574,U
9575,K
9576,V
9577,L
9578,F
9579,Z
9580,I
9581,D
9582,X
9583,X
9584,G
9585,Y
9586,E
9587,D
9588,X
9589,D
9590,P
9591,F
9592,F
9593,R
9594,D
9595,A
9596,X
9597,A
9598,L
9599,Y
9600,P
9601,W
9602,B
9603,Y
9604,K
9605,I
9606,S
9607,I
9608,J
9609,X
9610,H
9611,G
9612,Y
9613,Y
9614,N
9615,D
9616,Q
9617,T
9618,Q
9619,O
9620,A
9621,O
9622,X
9623,G
9624,A
9625,C
9626,V
9627,A
9628,F
9629,D
9630,L
9631,F
9632,U
9633,P
9634,C
9635,Q
9636,J
9637,R
9638,P
9639,V
9640,G
9641,E
9642,T
9643,R
9644,Z
9645,U
9646,Y
9647,Z
9648,Y
9649,H
9650,B
9651,Z
9652,J
9653,Z
9654,X
9655,R
9656,T
9657,B
9658,T
9659,Z
9660,J
9661,Z
9662,R
9663,B
9664,J
9665,R
9666,O
9667,F
9668,M
9669,L
9670,N
9671,T
9672,L
9673,O
9674,M
9675,N
9676,H
9677,V
9678,A
9679,C
9680,W
9681,P
9682,B
9683,Y
9684,O
9685,T
9686,I
9687,E
9688,W
9689,K
9690,Q
9691,E
9692,O
9693,G
9694,G
9695,P
9696,O
9697,R
9698,O
9699,R
9700,W
9701,X
9702,N
9703,A
9704,X
9705,I
9706,K
9707,Z
9708,T
9709,E
9710,N
9711,B
9712,C
9713,K
9714,D
9715,X
9716,E
9717,T
9718,X
9719,D
9720,W
9721,X
9722,H
9723,V
9724,H
9725,O
9726,R
9727,X
9728,O
9729,D
9730,F
9731,A
9732,P
9733,E
9734,O
9735,L
9736,O
9737,T
9738,J
9739,Q
9740,D
9741,C
9742,E
9743,N
9744,K
9745,A
9746,L
9747,I
9748,T
9749,Y
9750,E
9751,U
9752,E
9753,J
9754,B
9755,F
9756,N
9757,F
9758,Y
9759,D
9760,P
9761,Q
9762,S
9763,E
9764,S
9765,S
9766,S
9767,X
9768,J
9769,T
9770,H
9771,G
9772,H
9773,S
9774,T
9775,B
9776,M
9777,N
9778,C
9779,T
9780,Y
9781,F
9782,R
9783,N
9784,G
9785,Q
9786,J
9787,N
9788,P
9789,W
9790,U
9791,K
9792,V
9793,Q
9794,E
9795,F
9796,J
9797,Y
9798,Z
9799,D
9800,I
9801,Y
9802,B
9803,O
9804,R
9805,G
9806,A
9807,H
9808,Z
9809,I
9810,Y
9811,Q
9812,T
9813,M
9814,Y
9815,S
9816,O
9817,L
9818,P
9819,A
9820,U
9821,R
9822,A
9823,U
9824,N
9825,U
9826,U
9827,B
9828,O
9829,H
9830,J
9831,J
9832,I
9833,R
9834,P
9835,H
9836,B
9837,U
9838,U
9839,W
9840,Q
9841,E
9842,P
9843,M
9844,J
9845,T
9846,L
9847,S
9848,N
9849,P
9850,D
9851,X
9852,M
9853,A
9854,T
9855,L
9856,W
9857,P
9858,Q
9859,T
9860,L
9861,E
9862,W
9863,C
9864,K
9865,M
9866,T
9867,C
9868,T
9869,P
9870,W
9871,J
9872,E
9873,G
9874,R
9875,T
9876,U
9877,W
9878,T
9879,X
9880,R
9881,Y
9882,K
9883,M
9884,Z
9885,V
9886,G
9887,L
9888,A
9889,Q
9890,X
9891,G
9892,A
9893,A
9894,O
9895,I
9896,L
9897,X
9898,M
9899,Z
9900,I
9901,V
9902,V
9903,L
9904,H
9905,C
9906,E
9907,Y
9908,D
9909,U
9910,F
9911,Q
9912,J
9913,H
9914,U
9915,X
9916,B
9917,T
9918,R
9919,Y
9920,G
9921,H
9922,S
9923,N
9924,M
9925,G
9926,L
9927,X
9928,L
9929,V
9930,P
9931,K
9932,W
9933,Q
9934,Q
9935,Q
9936,S
9937,H
9938,W
9939,O
9940,Y
9941,L
9942,T
9943,G
9944,E
9945,J
9946,Q
9947,N
9948,T
9949,M
9950,O
9951,A
9952,T
9953,N
9954,F
9955,H
9956,U
9957,H
9958,O
9959,S
9960,J
9961,Q
9962,B
9963,F
9964,E
9965,F
9966,A
9967,Q
9968,C
9969,S
9970,H
9971,C
9972,W
9973,T
9974,N
9975,E
9976,L
9977,A
9978,K
9979,M
9980,R
9981,S
9982,Y
9983,V
9984,S
9985,M
9986,O
9987,L
9988,D
9989,F
9990,W
9991,O
9992,E
9993,J
9994,T
9995,D
9996,C
9997,T
9998,S
9999,A
